query_id,query,eid,title,doi,publication_name,cover_date,subtype_description,citedby_count,openaccess,authors,affiliations,scopus_link
Q4_offpolicy_vs_onpolicy,"TITLE-ABS-KEY((""soft actor-critic"" OR SAC OR TD3 OR DDPG OR PPO) AND (""energy management"" OR microgrid OR HEMS)) AND PUBYEAR > 2018 AND LANGUAGE(english) AND (DOCTYPE(ar))",2-s2.0-105028985737,Hybrid reinforcement learning optimization of aging aware energy management and powertrain sizing in fuel cell hybrid electric vehicles,10.1038/s41598-025-34256-0,Scientific Reports,2026-12-01,Article,0,1,Mostashiri A.; Montazeri-Gh M.,Iran University of Science and Technology,https://www.scopus.com/inward/record.uri?partnerID=HzOxMe3b&scp=105028985737&origin=inward
Q4_offpolicy_vs_onpolicy,"TITLE-ABS-KEY((""soft actor-critic"" OR SAC OR TD3 OR DDPG OR PPO) AND (""energy management"" OR microgrid OR HEMS)) AND PUBYEAR > 2018 AND LANGUAGE(english) AND (DOCTYPE(ar))",2-s2.0-105034340501,Intelligent cloud-based RAS management: integration of DDPG reinforcement learning with AWS IoT for optimized aquaculture production,10.1038/s41598-025-33736-7,Scientific Reports,2026-12-01,Article,0,1,Elmessery W.M.; Shams M.Y.; El-Hafeez T.A.; Eid M.H.; Székács A.; Saeed O.; Ahmed A.F.; Alhumedi M.; Elwakeel A.E.,Taif University; Hungarian University of Agriculture and Life Sciences; Miskolci Egyetem; Faculty of Sciences; Faculty of Science; Faculty of Agriculture; Deraya University; Faculty of Artificial Intelligence; Faculty of Agriculture and Natural Resources,https://www.scopus.com/inward/record.uri?partnerID=HzOxMe3b&scp=105034340501&origin=inward
Q4_offpolicy_vs_onpolicy,"TITLE-ABS-KEY((""soft actor-critic"" OR SAC OR TD3 OR DDPG OR PPO) AND (""energy management"" OR microgrid OR HEMS)) AND PUBYEAR > 2018 AND LANGUAGE(english) AND (DOCTYPE(ar))",2-s2.0-105033691380,Lyapunov-based safe reinforcement learning for managing hybrid hydrogen-electric energy system,10.1016/j.epsr.2026.112901,Electric Power Systems Research,2026-08-01,Article,0,0,Zou Y.; Zhang A.; Zhang X.; Yang W.; Lin Y.; Liu Q.,Southwest Petroleum University China,https://www.scopus.com/inward/record.uri?partnerID=HzOxMe3b&scp=105033691380&origin=inward
Q4_offpolicy_vs_onpolicy,"TITLE-ABS-KEY((""soft actor-critic"" OR SAC OR TD3 OR DDPG OR PPO) AND (""energy management"" OR microgrid OR HEMS)) AND PUBYEAR > 2018 AND LANGUAGE(english) AND (DOCTYPE(ar))",2-s2.0-105034464627,Dynamic energy allocation models to improve performance for hybrid vehicle efficiency,10.1007/s10586-026-06042-8,Cluster Computing,2026-08-01,Article,0,0,Kushwah V.; Dhulipalla U.M.; Krishna V.N.; Vyas K.; Kethavath S.,Indian Institutes of Information Technology,https://www.scopus.com/inward/record.uri?partnerID=HzOxMe3b&scp=105034464627&origin=inward
Q4_offpolicy_vs_onpolicy,"TITLE-ABS-KEY((""soft actor-critic"" OR SAC OR TD3 OR DDPG OR PPO) AND (""energy management"" OR microgrid OR HEMS)) AND PUBYEAR > 2018 AND LANGUAGE(english) AND (DOCTYPE(ar))",2-s2.0-105032364807,Reinforcement learning vs. model-based control in electric vehicle charging microgrids,10.1016/j.conengprac.2026.106890,Control Engineering Practice,2026-07-01,Article,0,0,Burgaud V.; Le Goff G.; Kergus P.; Fadel M.,Laboratoire Plasma et Conversion d’Energie,https://www.scopus.com/inward/record.uri?partnerID=HzOxMe3b&scp=105032364807&origin=inward
Q4_offpolicy_vs_onpolicy,"TITLE-ABS-KEY((""soft actor-critic"" OR SAC OR TD3 OR DDPG OR PPO) AND (""energy management"" OR microgrid OR HEMS)) AND PUBYEAR > 2018 AND LANGUAGE(english) AND (DOCTYPE(ar))",2-s2.0-105032183901,Hierarchical online energy management for off-road hybrid electric vehicles: integrating real-time planning with multi-agent expert knowledge,10.1016/j.aei.2026.104547,Advanced Engineering Informatics,2026-07-01,Article,0,0,Ma X.; Liu H.; Han L.; Yang N.; Xiang C.,"Beijing Institute of Technology; School of Mechanical Engineering, Beijing Institute of Technology",https://www.scopus.com/inward/record.uri?partnerID=HzOxMe3b&scp=105032183901&origin=inward
Q4_offpolicy_vs_onpolicy,"TITLE-ABS-KEY((""soft actor-critic"" OR SAC OR TD3 OR DDPG OR PPO) AND (""energy management"" OR microgrid OR HEMS)) AND PUBYEAR > 2018 AND LANGUAGE(english) AND (DOCTYPE(ar))",2-s2.0-105034973820,Proximal policy optimization-driven multi-agent real-time home energy management system for peer-to-peer energy trading with blockchain and GUI application for smart energy communities,10.1016/j.compeleceng.2026.111048,Computers and Electrical Engineering,2026-06-01,Article,0,0,Rehman U.u.,Instituto Superior de Engenharia do Porto,https://www.scopus.com/inward/record.uri?partnerID=HzOxMe3b&scp=105034973820&origin=inward
Q4_offpolicy_vs_onpolicy,"TITLE-ABS-KEY((""soft actor-critic"" OR SAC OR TD3 OR DDPG OR PPO) AND (""energy management"" OR microgrid OR HEMS)) AND PUBYEAR > 2018 AND LANGUAGE(english) AND (DOCTYPE(ar))",2-s2.0-105033086398,Deep reinforcement learning for vehicle-to-grid energy management with reward decomposition and battery health preservation,10.1016/j.segan.2026.102184,Sustainable Energy Grids and Networks,2026-06-01,Article,0,0,Bhat A.N.; Singh M.; Kasana S.S.,Thapar Institute of Engineering & Technology; Central University of Haryana,https://www.scopus.com/inward/record.uri?partnerID=HzOxMe3b&scp=105033086398&origin=inward
Q4_offpolicy_vs_onpolicy,"TITLE-ABS-KEY((""soft actor-critic"" OR SAC OR TD3 OR DDPG OR PPO) AND (""energy management"" OR microgrid OR HEMS)) AND PUBYEAR > 2018 AND LANGUAGE(english) AND (DOCTYPE(ar))",2-s2.0-105032515060,Safe multi-critic reinforcement learning framework for coordinated energy management and voltage regulation in active distribution networks,10.1016/j.segan.2026.102179,Sustainable Energy Grids and Networks,2026-06-01,Article,0,0,Kim H.J.; Kim D.,Chungnam National University,https://www.scopus.com/inward/record.uri?partnerID=HzOxMe3b&scp=105032515060&origin=inward
Q4_offpolicy_vs_onpolicy,"TITLE-ABS-KEY((""soft actor-critic"" OR SAC OR TD3 OR DDPG OR PPO) AND (""energy management"" OR microgrid OR HEMS)) AND PUBYEAR > 2018 AND LANGUAGE(english) AND (DOCTYPE(ar))",2-s2.0-105030925170,AI-powered predictive control for hybrid renewable microgrids: Integrating photovoltaic generation and battery storage in smart homes and industrial applications,10.1016/j.mlwa.2026.100864,Machine Learning with Applications,2026-06-01,Article,0,1,Flórez S.L.; Hernández G.; Prieto J.; de la Prieta F.,Universidad de Salamanca; Universidad Tecnológica de Pereira,https://www.scopus.com/inward/record.uri?partnerID=HzOxMe3b&scp=105030925170&origin=inward
Q4_offpolicy_vs_onpolicy,"TITLE-ABS-KEY((""soft actor-critic"" OR SAC OR TD3 OR DDPG OR PPO) AND (""energy management"" OR microgrid OR HEMS)) AND PUBYEAR > 2018 AND LANGUAGE(english) AND (DOCTYPE(ar))",2-s2.0-105033218805,"Eco-friendly energy management strategy for turbo-electric eVTOLs: Coupling fuel economy, battery health and life-cycle emissions via improved TD3",10.1016/j.apenergy.2026.127724,Applied Energy,2026-06-01,Article,0,0,Yu F.; Chen J.; Li S.; Jiang T.; Zhang T.; Sun X.; Wang J.,"University of Chinese Academy of Sciences; Xiamen University; Ningbo Institute of Industrial Technology, Chinese Academy of Sciences",https://www.scopus.com/inward/record.uri?partnerID=HzOxMe3b&scp=105033218805&origin=inward
Q4_offpolicy_vs_onpolicy,"TITLE-ABS-KEY((""soft actor-critic"" OR SAC OR TD3 OR DDPG OR PPO) AND (""energy management"" OR microgrid OR HEMS)) AND PUBYEAR > 2018 AND LANGUAGE(english) AND (DOCTYPE(ar))",2-s2.0-105028892427,Prediction-guided deep reinforcement learning for energy-efficient HVAC control with PICVs in smart buildings,10.1016/j.egyr.2026.109040,Energy Reports,2026-06-01,Article,0,1,Baek Y.; Yoon G.; Kim S.; Kang B.; Lee S.; Choi M.i.; Park S.,Chung-Ang University,https://www.scopus.com/inward/record.uri?partnerID=HzOxMe3b&scp=105028892427&origin=inward
Q4_offpolicy_vs_onpolicy,"TITLE-ABS-KEY((""soft actor-critic"" OR SAC OR TD3 OR DDPG OR PPO) AND (""energy management"" OR microgrid OR HEMS)) AND PUBYEAR > 2018 AND LANGUAGE(english) AND (DOCTYPE(ar))",2-s2.0-105033782091,Generalizable zero-shot home energy management via representation learning and behavioral cloning,10.1016/j.asoc.2026.115110,Applied Soft Computing,2026-06-01,Article,0,0,Du X.; Luo F.; Hu J.; Zhou W.; Wen J.,Chongqing University; Faculty of Engineering,https://www.scopus.com/inward/record.uri?partnerID=HzOxMe3b&scp=105033782091&origin=inward
Q4_offpolicy_vs_onpolicy,"TITLE-ABS-KEY((""soft actor-critic"" OR SAC OR TD3 OR DDPG OR PPO) AND (""energy management"" OR microgrid OR HEMS)) AND PUBYEAR > 2018 AND LANGUAGE(english) AND (DOCTYPE(ar))",2-s2.0-105033019779,Cross-type transfer of fuel cell hybrid vehicles energy management strategies based on deep reinforcement learning,10.1016/j.enconman.2026.121371,Energy Conversion and Management,2026-05-15,Article,0,0,Li W.; Li S.; Du C.; Yan F.,Wuhan University of Technology; Foshan Xianhu Laboratory of the Advanced Energy Science and Technology Guangdong Laboratory,https://www.scopus.com/inward/record.uri?partnerID=HzOxMe3b&scp=105033019779&origin=inward
Q4_offpolicy_vs_onpolicy,"TITLE-ABS-KEY((""soft actor-critic"" OR SAC OR TD3 OR DDPG OR PPO) AND (""energy management"" OR microgrid OR HEMS)) AND PUBYEAR > 2018 AND LANGUAGE(english) AND (DOCTYPE(ar))",2-s2.0-105031645339,A novel integrated strategy for coordinated optimization of energy management and air supply control based on multi-agent reinforcement learning for fuel cell hybrid electric vehicle,10.1016/j.apenergy.2026.127571,Applied Energy,2026-05-15,Article,0,0,Hu H.; Liu F.; Liu W.; Li H.; Zhu Q.,"Southwest Jiaotong University; China Automotive Engineering Research Institute Co., Ltd.",https://www.scopus.com/inward/record.uri?partnerID=HzOxMe3b&scp=105031645339&origin=inward
Q4_offpolicy_vs_onpolicy,"TITLE-ABS-KEY((""soft actor-critic"" OR SAC OR TD3 OR DDPG OR PPO) AND (""energy management"" OR microgrid OR HEMS)) AND PUBYEAR > 2018 AND LANGUAGE(english) AND (DOCTYPE(ar))",2-s2.0-105034734749,Thermal safety oriented energy management study for a P2 hybrid diesel-electric powertrain,10.1016/j.energy.2026.140876,Energy,2026-05-15,Article,0,0,Liu L.; Liu B.; Zhong D.; Hu Z.,"School of Mechanical Engineering, Beijing Institute of Technology",https://www.scopus.com/inward/record.uri?partnerID=HzOxMe3b&scp=105034734749&origin=inward
Q4_offpolicy_vs_onpolicy,"TITLE-ABS-KEY((""soft actor-critic"" OR SAC OR TD3 OR DDPG OR PPO) AND (""energy management"" OR microgrid OR HEMS)) AND PUBYEAR > 2018 AND LANGUAGE(english) AND (DOCTYPE(ar))",2-s2.0-105033158379,Collaborative control of energy management and thermal Management for Range-Extended Electric Vehicles Based on LSTM and DDPG,10.1016/j.applthermaleng.2026.130625,Applied Thermal Engineering,2026-05-01,Article,0,0,Zhu B.; Zhang Y.; Li B.; Zhao H.; Song M.; Zhou Y.; Yang Z.,Hefei University of Technology,https://www.scopus.com/inward/record.uri?partnerID=HzOxMe3b&scp=105033158379&origin=inward
Q4_offpolicy_vs_onpolicy,"TITLE-ABS-KEY((""soft actor-critic"" OR SAC OR TD3 OR DDPG OR PPO) AND (""energy management"" OR microgrid OR HEMS)) AND PUBYEAR > 2018 AND LANGUAGE(english) AND (DOCTYPE(ar))",2-s2.0-105030925426,Exergy-aware multi-objective scheduling of multi-energy microgrid via physics-guided soft-hard constrained deep reinforcement learning,10.1016/j.engappai.2026.114271,Engineering Applications of Artificial Intelligence,2026-05-01,Article,0,0,Zhao L.; Zhang P.; Chen H.; Yang T.; Yang B.; Chen Z.; Su J.,Tianjin University; Aalborg University; Taiyuan University of Technology; Hebei University of Technology,https://www.scopus.com/inward/record.uri?partnerID=HzOxMe3b&scp=105030925426&origin=inward
Q4_offpolicy_vs_onpolicy,"TITLE-ABS-KEY((""soft actor-critic"" OR SAC OR TD3 OR DDPG OR PPO) AND (""energy management"" OR microgrid OR HEMS)) AND PUBYEAR > 2018 AND LANGUAGE(english) AND (DOCTYPE(ar))",2-s2.0-105034743632,Adaptive entropy soft actor–critic for hybrid electric vehicle energy management with battery degradation and thermal considerations,10.1016/j.est.2026.121148,Journal of Energy Storage,2026-04-10,Article,0,0,Zeng Q.; Wang C.; Lu J.,South China Agricultural University; Sichuan University of Science & Engineering,https://www.scopus.com/inward/record.uri?partnerID=HzOxMe3b&scp=105034743632&origin=inward
Q4_offpolicy_vs_onpolicy,"TITLE-ABS-KEY((""soft actor-critic"" OR SAC OR TD3 OR DDPG OR PPO) AND (""energy management"" OR microgrid OR HEMS)) AND PUBYEAR > 2018 AND LANGUAGE(english) AND (DOCTYPE(ar))",2-s2.0-105029224854,Twin delayed deep deterministic policy gradient with long short-term memory for energy management in electric vehicles with battery–supercapacitor storage: A reinforcement learning benchmark study,10.1016/j.est.2026.120832,Journal of Energy Storage,2026-04-01,Article,0,1,Fesakis N.; Lazaridou G.E.; Sarafoglou E.; Palaiologou I.; Karlis A.,Democritus University of Thrace,https://www.scopus.com/inward/record.uri?partnerID=HzOxMe3b&scp=105029224854&origin=inward
Q4_offpolicy_vs_onpolicy,"TITLE-ABS-KEY((""soft actor-critic"" OR SAC OR TD3 OR DDPG OR PPO) AND (""energy management"" OR microgrid OR HEMS)) AND PUBYEAR > 2018 AND LANGUAGE(english) AND (DOCTYPE(ar))",2-s2.0-105027732043,Energy management strategy for fuel cell hybrid electric vehicles considering optimal overall cost of multi-energy systems: A heterogeneous independent multi-agent deep reinforcement learning approach,10.1016/j.asoc.2025.114517,Applied Soft Computing,2026-04-01,Article,0,0,Hu H.; Hu G.; Hu J.; Zhou H.; Chen S.,Southwest Jiaotong University; CEPREI,https://www.scopus.com/inward/record.uri?partnerID=HzOxMe3b&scp=105027732043&origin=inward
Q4_offpolicy_vs_onpolicy,"TITLE-ABS-KEY((""soft actor-critic"" OR SAC OR TD3 OR DDPG OR PPO) AND (""energy management"" OR microgrid OR HEMS)) AND PUBYEAR > 2018 AND LANGUAGE(english) AND (DOCTYPE(ar))",2-s2.0-105025955256,Economical Thermal Energy Management for Hybrid Electric Vehicles Based on Multiple Agents Deep Reinforcement Learning,10.1109/TTE.2025.3642191,IEEE Transactions on Transportation Electrification,2026-04-01,Article,0,0,Tang X.; Hou Y.; Qin Y.,Beijing Institute of Technology; Chongqing University,https://www.scopus.com/inward/record.uri?partnerID=HzOxMe3b&scp=105025955256&origin=inward
Q4_offpolicy_vs_onpolicy,"TITLE-ABS-KEY((""soft actor-critic"" OR SAC OR TD3 OR DDPG OR PPO) AND (""energy management"" OR microgrid OR HEMS)) AND PUBYEAR > 2018 AND LANGUAGE(english) AND (DOCTYPE(ar))",2-s2.0-105035236481,Energy collaborative optimization of power routing based on PPO and generative adversarial imitation learning,10.1371/journal.pone.0346372,Plos One,2026-04-01,Article,0,1,Lyu J.; Huang J.,Fujian University of Technology,https://www.scopus.com/inward/record.uri?partnerID=HzOxMe3b&scp=105035236481&origin=inward
Q4_offpolicy_vs_onpolicy,"TITLE-ABS-KEY((""soft actor-critic"" OR SAC OR TD3 OR DDPG OR PPO) AND (""energy management"" OR microgrid OR HEMS)) AND PUBYEAR > 2018 AND LANGUAGE(english) AND (DOCTYPE(ar))",2-s2.0-105024089363,Safe Reinforcement Learning-Based Eco-Driving Control of Autonomous HEV in Off-Road Scenarios,10.1109/TTE.2025.3640938,IEEE Transactions on Transportation Electrification,2026-04-01,Article,0,0,Guo L.; Ren X.; Cao X.; Liu R.; Qin Y.; Cao D.,"Tsinghua University; School of Mechanical Engineering, Beijing Institute of Technology; Inner Mongolia University China",https://www.scopus.com/inward/record.uri?partnerID=HzOxMe3b&scp=105024089363&origin=inward
Q4_offpolicy_vs_onpolicy,"TITLE-ABS-KEY((""soft actor-critic"" OR SAC OR TD3 OR DDPG OR PPO) AND (""energy management"" OR microgrid OR HEMS)) AND PUBYEAR > 2018 AND LANGUAGE(english) AND (DOCTYPE(ar))",2-s2.0-105027003698,Eco-driving framework for hybrid electric vehicles in multi-lane scenarios by using deep reinforcement learning methods,10.1016/j.geits.2025.100309,Green Energy and Intelligent Transportation,2026-04-01,Article,13,1,Chen W.; Peng J.; Ma Y.; He H.; Ren T.; Wang C.,"Southeast University; School of Mechanical Engineering, Beijing Institute of Technology; Sky-well New Energy Automobile Group Co. Ltd.",https://www.scopus.com/inward/record.uri?partnerID=HzOxMe3b&scp=105027003698&origin=inward
Q4_offpolicy_vs_onpolicy,"TITLE-ABS-KEY((""soft actor-critic"" OR SAC OR TD3 OR DDPG OR PPO) AND (""energy management"" OR microgrid OR HEMS)) AND PUBYEAR > 2018 AND LANGUAGE(english) AND (DOCTYPE(ar))",2-s2.0-105027726112,Gradient-driven exploration and pattern matching experience replay for efficient UAV path planning: Flying over or around?,10.1016/j.pmcj.2025.102156,Pervasive and Mobile Computing,2026-04-01,Article,0,0,Jin Z.; Chen R.; Wu K.; Liang D.; Yan L.,Chongqing Jiaotong University,https://www.scopus.com/inward/record.uri?partnerID=HzOxMe3b&scp=105027726112&origin=inward
Q4_offpolicy_vs_onpolicy,"TITLE-ABS-KEY((""soft actor-critic"" OR SAC OR TD3 OR DDPG OR PPO) AND (""energy management"" OR microgrid OR HEMS)) AND PUBYEAR > 2018 AND LANGUAGE(english) AND (DOCTYPE(ar))",2-s2.0-105030175166,Explainable deep reinforcement learning for resilient and battery-aware microgrid control,10.1016/j.enconman.2026.121215,Energy Conversion and Management,2026-04-01,Article,0,1,Nejati Amiri M.H.; Guéniat F.,Birmingham City University,https://www.scopus.com/inward/record.uri?partnerID=HzOxMe3b&scp=105030175166&origin=inward
Q4_offpolicy_vs_onpolicy,"TITLE-ABS-KEY((""soft actor-critic"" OR SAC OR TD3 OR DDPG OR PPO) AND (""energy management"" OR microgrid OR HEMS)) AND PUBYEAR > 2018 AND LANGUAGE(english) AND (DOCTYPE(ar))",2-s2.0-105027638669,Hierarchical control of hybrid electric vehicle platoon with slope-adaptive variable spacing and soft actor-critic based energy management,10.1016/j.est.2026.120623,Journal of Energy Storage,2026-03-30,Article,0,0,Yin Y.; Xiao H.; Zhan S.; Chen H.; Deng C.; Li Z.; Pan X.,Guizhou University; Chongqing Jiaotong University; Chongqing Changan Automobile,https://www.scopus.com/inward/record.uri?partnerID=HzOxMe3b&scp=105027638669&origin=inward
Q4_offpolicy_vs_onpolicy,"TITLE-ABS-KEY((""soft actor-critic"" OR SAC OR TD3 OR DDPG OR PPO) AND (""energy management"" OR microgrid OR HEMS)) AND PUBYEAR > 2018 AND LANGUAGE(english) AND (DOCTYPE(ar))",2-s2.0-105034935284,DRLO-VANET: a deep reinforcement learning-based offloading framework for low-latency and energy-efficient task execution in VANETs,10.1038/s41598-026-46336-w,Scientific Reports,2026-03-30,Article,0,1,Neelima S.; Sree S.R.; Ramakrishnaiah N.,"Jawaharlal Nehru Technological University, Kakinada; Aditya University",https://www.scopus.com/inward/record.uri?partnerID=HzOxMe3b&scp=105034935284&origin=inward
Q4_offpolicy_vs_onpolicy,"TITLE-ABS-KEY((""soft actor-critic"" OR SAC OR TD3 OR DDPG OR PPO) AND (""energy management"" OR microgrid OR HEMS)) AND PUBYEAR > 2018 AND LANGUAGE(english) AND (DOCTYPE(ar))",2-s2.0-105035018919,Optimizing charge discharge cycles using QPPONet-enabled hybrid learning framework for energy management and safety in electric vehicles,10.1038/s41598-026-43692-5,Scientific Reports,2026-03-18,Article,0,1,Sujan Kumar M.V.; Khekare G.,Vellore Institute of Technology,https://www.scopus.com/inward/record.uri?partnerID=HzOxMe3b&scp=105035018919&origin=inward
Q4_offpolicy_vs_onpolicy,"TITLE-ABS-KEY((""soft actor-critic"" OR SAC OR TD3 OR DDPG OR PPO) AND (""energy management"" OR microgrid OR HEMS)) AND PUBYEAR > 2018 AND LANGUAGE(english) AND (DOCTYPE(ar))",2-s2.0-105026663508,"Adaptive home energy management based on PI-DRA-PPO for integrated electricity, hydrogen, and heat storage systems",10.1016/j.apenergy.2025.127257,Applied Energy,2026-03-15,Article,2,0,Liu M.; Bu S.; Zhu Z.; Zhou B.,The Hong Kong Polytechnic University; Hunan University,https://www.scopus.com/inward/record.uri?partnerID=HzOxMe3b&scp=105026663508&origin=inward
Q4_offpolicy_vs_onpolicy,"TITLE-ABS-KEY((""soft actor-critic"" OR SAC OR TD3 OR DDPG OR PPO) AND (""energy management"" OR microgrid OR HEMS)) AND PUBYEAR > 2018 AND LANGUAGE(english) AND (DOCTYPE(ar))",2-s2.0-105027947862,AOI-Aware Self-Powered Sensors in HSR Communication Networks: Intelligent Decision-Making and Resource Allocation,10.1109/JIOT.2026.3650802,IEEE Internet of Things Journal,2026-03-15,Article,0,0,Wang J.; Wang H.; Hu Y.; Wang Y.; Hu F.,"University of Minnesota Twin Cities; College of Communication Engineering; CRRC Changchun Railway Vehicles Co.,Ltd.",https://www.scopus.com/inward/record.uri?partnerID=HzOxMe3b&scp=105027947862&origin=inward
Q4_offpolicy_vs_onpolicy,"TITLE-ABS-KEY((""soft actor-critic"" OR SAC OR TD3 OR DDPG OR PPO) AND (""energy management"" OR microgrid OR HEMS)) AND PUBYEAR > 2018 AND LANGUAGE(english) AND (DOCTYPE(ar))",2-s2.0-105034359749,Energy trading in energy communities through load management using deep reinforcement learning,10.1016/j.energy.2026.140390,Energy,2026-03-15,Article,0,1,Amin M.A.; Petronijević M.; Procopio R.; Invernizzi M.; Radonjic I.; La Fata A.,Università degli Studi di Genova; University of Niš,https://www.scopus.com/inward/record.uri?partnerID=HzOxMe3b&scp=105034359749&origin=inward
Q4_offpolicy_vs_onpolicy,"TITLE-ABS-KEY((""soft actor-critic"" OR SAC OR TD3 OR DDPG OR PPO) AND (""energy management"" OR microgrid OR HEMS)) AND PUBYEAR > 2018 AND LANGUAGE(english) AND (DOCTYPE(ar))",2-s2.0-105026683154,Multiagent Deep Reinforcement Learning for Optimal Resource Allocation in AoI-Aware Energy-Efficient Platoon-Based C-V2X Networks,10.1109/JIOT.2025.3650400,IEEE Internet of Things Journal,2026-03-15,Article,0,0,Zheng Y.; Nguyen L.D.; Duong T.Q.,Memorial University of Newfoundland; Duy Tan University,https://www.scopus.com/inward/record.uri?partnerID=HzOxMe3b&scp=105026683154&origin=inward
Q4_offpolicy_vs_onpolicy,"TITLE-ABS-KEY((""soft actor-critic"" OR SAC OR TD3 OR DDPG OR PPO) AND (""energy management"" OR microgrid OR HEMS)) AND PUBYEAR > 2018 AND LANGUAGE(english) AND (DOCTYPE(ar))",2-s2.0-105027135309,Low-carbon economic dispatch for microgrid-integrated charging stations: A cost-oriented bi-layer optimization framework,10.1016/j.apenergy.2026.127358,Applied Energy,2026-03-15,Article,0,0,Meng Y.; Zou Y.; Du G.; Zhang X.; Zhang Z.,Beijing Institute of Technology; Beijing Shuguang Aviation Electric Co. LTD,https://www.scopus.com/inward/record.uri?partnerID=HzOxMe3b&scp=105027135309&origin=inward
Q4_offpolicy_vs_onpolicy,"TITLE-ABS-KEY((""soft actor-critic"" OR SAC OR TD3 OR DDPG OR PPO) AND (""energy management"" OR microgrid OR HEMS)) AND PUBYEAR > 2018 AND LANGUAGE(english) AND (DOCTYPE(ar))",2-s2.0-105032652052,Safe Soft Actor–Critic for Online Transmission Interface Power Flow Control,10.3390/en19051358,Energies,2026-03-01,Article,0,1,Zhang J.; Zhang L.; Li Q.; Shi D.; Wang Y.,"State Grid Corporation of China; New Mexico State University College of Engineering; State Grid Electric Power Research Institute Co., Ltd.; Ltd",https://www.scopus.com/inward/record.uri?partnerID=HzOxMe3b&scp=105032652052&origin=inward
Q4_offpolicy_vs_onpolicy,"TITLE-ABS-KEY((""soft actor-critic"" OR SAC OR TD3 OR DDPG OR PPO) AND (""energy management"" OR microgrid OR HEMS)) AND PUBYEAR > 2018 AND LANGUAGE(english) AND (DOCTYPE(ar))",2-s2.0-105032705568,High-Adaptability Driving Mode and Torque Distribution Algorithm Design for Multi-Speed Four-Wheel Drive Electric Vehicle Based on Multi-Agent Deep Reinforcement Learning,10.3390/su18052336,Sustainability Switzerland,2026-03-01,Article,0,1,Wan H.; Ruan J.; Wang S.,Beijing University of Technology,https://www.scopus.com/inward/record.uri?partnerID=HzOxMe3b&scp=105032705568&origin=inward
Q4_offpolicy_vs_onpolicy,"TITLE-ABS-KEY((""soft actor-critic"" OR SAC OR TD3 OR DDPG OR PPO) AND (""energy management"" OR microgrid OR HEMS)) AND PUBYEAR > 2018 AND LANGUAGE(english) AND (DOCTYPE(ar))",2-s2.0-105034165404,A Data-Driven Deep Reinforcement Learning Framework for Real-Time Economic Dispatch of Microgrids Under Renewable Uncertainty,10.3390/en19061481,Energies,2026-03-01,Article,0,1,Dong B.; Cui S.; Wang X.,Shenyang Institute of Automation Chinese Academy of Sciences,https://www.scopus.com/inward/record.uri?partnerID=HzOxMe3b&scp=105034165404&origin=inward
Q4_offpolicy_vs_onpolicy,"TITLE-ABS-KEY((""soft actor-critic"" OR SAC OR TD3 OR DDPG OR PPO) AND (""energy management"" OR microgrid OR HEMS)) AND PUBYEAR > 2018 AND LANGUAGE(english) AND (DOCTYPE(ar))",2-s2.0-105034123292,An Energy Management Optimization Method for Arctic Space Environment Monitoring Buoys Based on Deep Reinforcement Learning,10.3390/en19061487,Energies,2026-03-01,Article,0,1,Zhu H.; Li B.; Chen Y.; Dou Y.; Tian Y.; Li Y.; Li H.; Gao Z.,Ministry of Natural Resources of the People's Republic of China; Taiyuan University of Technology; Electric Power of Henan; Ltd.; Ltd.; Ltd.,https://www.scopus.com/inward/record.uri?partnerID=HzOxMe3b&scp=105034123292&origin=inward
Q4_offpolicy_vs_onpolicy,"TITLE-ABS-KEY((""soft actor-critic"" OR SAC OR TD3 OR DDPG OR PPO) AND (""energy management"" OR microgrid OR HEMS)) AND PUBYEAR > 2018 AND LANGUAGE(english) AND (DOCTYPE(ar))",2-s2.0-105027633444,Dynamic indoor thermal environment control using Reinforcement Learning: Balancing energy efficiency and human well-being,10.1016/j.engappai.2026.113846,Engineering Applications of Artificial Intelligence,2026-03-01,Article,1,1,Chatterjee A.; Khovalyg D.,École Polytechnique Fédérale de Lausanne,https://www.scopus.com/inward/record.uri?partnerID=HzOxMe3b&scp=105027633444&origin=inward
Q4_offpolicy_vs_onpolicy,"TITLE-ABS-KEY((""soft actor-critic"" OR SAC OR TD3 OR DDPG OR PPO) AND (""energy management"" OR microgrid OR HEMS)) AND PUBYEAR > 2018 AND LANGUAGE(english) AND (DOCTYPE(ar))",2-s2.0-105031416898,Secure FDRL for safe decision-making and policy embedding validation in hybrid microgrids under hybrid cyberattacks,10.1016/j.ijepes.2026.111646,International Journal of Electrical Power and Energy Systems,2026-03-01,Article,1,1,Sepehrzad R.; Moafi M.; Khosravi N.; al Durra A.; Sadabadi M.S.; Anvari-Moghaddam A.,"The University of Manchester; Aalborg University; University of Canterbury; University of Tabriz; Khalifa University; Chitkara University, Punjab",https://www.scopus.com/inward/record.uri?partnerID=HzOxMe3b&scp=105031416898&origin=inward
Q4_offpolicy_vs_onpolicy,"TITLE-ABS-KEY((""soft actor-critic"" OR SAC OR TD3 OR DDPG OR PPO) AND (""energy management"" OR microgrid OR HEMS)) AND PUBYEAR > 2018 AND LANGUAGE(english) AND (DOCTYPE(ar))",2-s2.0-105034414993,Peak Shaving and Solar Utilization for Sustainable Campus EV Charging Using Reinforcement Learning Approach,10.3390/su18062737,Sustainability Switzerland,2026-03-01,Article,0,1,Abdullah H.M.; Gastli A.; Ben-Brahim L.; Islam S.,"Department of Electrical Engineering, College of Engineering, Qatar University",https://www.scopus.com/inward/record.uri?partnerID=HzOxMe3b&scp=105034414993&origin=inward
Q4_offpolicy_vs_onpolicy,"TITLE-ABS-KEY((""soft actor-critic"" OR SAC OR TD3 OR DDPG OR PPO) AND (""energy management"" OR microgrid OR HEMS)) AND PUBYEAR > 2018 AND LANGUAGE(english) AND (DOCTYPE(ar))",2-s2.0-105027637816,Digital twin-driven Proximal Policy Optimization for smart community energy management and peer-to-peer trading in the Smart Grid 4.0 framework,10.1016/j.engappai.2025.113345,Engineering Applications of Artificial Intelligence,2026-03-01,Article,1,1,Rehman U.u.,Instituto Politécnico do Porto,https://www.scopus.com/inward/record.uri?partnerID=HzOxMe3b&scp=105027637816&origin=inward
Q4_offpolicy_vs_onpolicy,"TITLE-ABS-KEY((""soft actor-critic"" OR SAC OR TD3 OR DDPG OR PPO) AND (""energy management"" OR microgrid OR HEMS)) AND PUBYEAR > 2018 AND LANGUAGE(english) AND (DOCTYPE(ar))",2-s2.0-105032589413,Health-Aware Differentiated Energy Management for Multi-Stack Fuel Cell Hybrid Power Systems on Ships,10.3390/jmse14050460,Journal of Marine Science and Engineering,2026-03-01,Article,0,1,Zhu L.; Liu Y.; Guo H.; Liu S.,Dalian Maritime University,https://www.scopus.com/inward/record.uri?partnerID=HzOxMe3b&scp=105032589413&origin=inward
Q4_offpolicy_vs_onpolicy,"TITLE-ABS-KEY((""soft actor-critic"" OR SAC OR TD3 OR DDPG OR PPO) AND (""energy management"" OR microgrid OR HEMS)) AND PUBYEAR > 2018 AND LANGUAGE(english) AND (DOCTYPE(ar))",2-s2.0-105028312229,Reinforcement learning-based active thermal management for sustainable electric-vehicle battery packs,10.1016/j.rineng.2026.109215,Results in Engineering,2026-03-01,Article,0,1,Alam M.M.; Ewess N.A.S.H.; Pasha A.A.; Othman K.M.; Noorwali A.; Zafar E.Y.O.; Hameed A.Z.; Sidhwa H.,"King Abdulaziz University; SRM Institute of Science and Technology; Umm Al Qura University, College of Engineering and Islamic Architecture",https://www.scopus.com/inward/record.uri?partnerID=HzOxMe3b&scp=105028312229&origin=inward
Q4_offpolicy_vs_onpolicy,"TITLE-ABS-KEY((""soft actor-critic"" OR SAC OR TD3 OR DDPG OR PPO) AND (""energy management"" OR microgrid OR HEMS)) AND PUBYEAR > 2018 AND LANGUAGE(english) AND (DOCTYPE(ar))",2-s2.0-105025399632,Enhanced cyber-resilience in flexible energy markets for microgrids: A trust-aware federated deep reinforcement learning framework,10.1016/j.apenergy.2025.127282,Applied Energy,2026-03-01,Article,2,1,Sepehrzad R.; Hosseinalibeiki H.; Taghinezhad N.; Khosravi N.; al Durra A.; Sadabadi M.S.,"The University of Manchester; Università degli Studi di Salerno; University of Canterbury; Shiraz University; Khalifa University; Chitkara University, Punjab",https://www.scopus.com/inward/record.uri?partnerID=HzOxMe3b&scp=105025399632&origin=inward
Q4_offpolicy_vs_onpolicy,"TITLE-ABS-KEY((""soft actor-critic"" OR SAC OR TD3 OR DDPG OR PPO) AND (""energy management"" OR microgrid OR HEMS)) AND PUBYEAR > 2018 AND LANGUAGE(english) AND (DOCTYPE(ar))",2-s2.0-105027436448,AI-driven energy storage optimization in microgrids: Integrating deep reinforcement learning with BiLSTM and LightGBM models,10.1016/j.asoc.2026.114619,Applied Soft Computing,2026-03-01,Article,1,0,Aksoy N.; Genc I.,İstanbul Teknik Üniversitesi,https://www.scopus.com/inward/record.uri?partnerID=HzOxMe3b&scp=105027436448&origin=inward
Q4_offpolicy_vs_onpolicy,"TITLE-ABS-KEY((""soft actor-critic"" OR SAC OR TD3 OR DDPG OR PPO) AND (""energy management"" OR microgrid OR HEMS)) AND PUBYEAR > 2018 AND LANGUAGE(english) AND (DOCTYPE(ar))",2-s2.0-105025971510,A Parallel PPO-Based Federated Transfer Reinforcement Learning Method for Multiple Home Energy Management via Cross-Domain Adaption,10.1109/TII.2025.3636941,IEEE Transactions on Industrial Informatics,2026-03-01,Article,0,0,Zhang Y.; Mei Z.; Jiang H.; Xue Y.; Chen W.N.; Zhang J.; Gao W.,Wuhan University; South China University of Technology; Daniel Felix Ritchie School of Engineering & Computer Science,https://www.scopus.com/inward/record.uri?partnerID=HzOxMe3b&scp=105025971510&origin=inward
Q4_offpolicy_vs_onpolicy,"TITLE-ABS-KEY((""soft actor-critic"" OR SAC OR TD3 OR DDPG OR PPO) AND (""energy management"" OR microgrid OR HEMS)) AND PUBYEAR > 2018 AND LANGUAGE(english) AND (DOCTYPE(ar))",2-s2.0-105034267681,Adversarially Robust Reinforcement Learning for Energy Management in Microgrids with Voltage Regulation Under Partial Observability,10.3390/en19061497,Energies,2026-03-01,Article,0,1,Domínguez E.; Zhou X.; Liang H.,University of Alberta,https://www.scopus.com/inward/record.uri?partnerID=HzOxMe3b&scp=105034267681&origin=inward
Q4_offpolicy_vs_onpolicy,"TITLE-ABS-KEY((""soft actor-critic"" OR SAC OR TD3 OR DDPG OR PPO) AND (""energy management"" OR microgrid OR HEMS)) AND PUBYEAR > 2018 AND LANGUAGE(english) AND (DOCTYPE(ar))",2-s2.0-105034262060,A Reinforcement Learning-Based Framework for Tariff-Aware Load Shifting in Energy-Intensive Manufacturing,10.3390/s26061858,Sensors,2026-03-01,Article,0,1,Leon-Medina J.X.; González Niño M.E.; Siachoque Celys C.P.; Umbarila Suarez B.; Pozo F.,Universitat Politècnica de Catalunya; Universidad Pedagógica y Tecnológica de Colombia; Suministros Mineros e Industriales de Colombia LTDA-Sumininco LTDA,https://www.scopus.com/inward/record.uri?partnerID=HzOxMe3b&scp=105034262060&origin=inward
Q4_offpolicy_vs_onpolicy,"TITLE-ABS-KEY((""soft actor-critic"" OR SAC OR TD3 OR DDPG OR PPO) AND (""energy management"" OR microgrid OR HEMS)) AND PUBYEAR > 2018 AND LANGUAGE(english) AND (DOCTYPE(ar))",2-s2.0-105034069456,Reinforcement Learning-Based Energy Storage Management for Microgrid Power Exchanges,10.3390/eng7030126,Eng,2026-03-01,Article,0,1,Perquoti F.; Milillo D.; Sabino L.; Quercio M.; Riganti Fulginei F.; Lazaroiu G.C.; Crescimbini F.,National University of Science and Technology POLITEHNICA Bucharest; Università degli Studi Roma Tre,https://www.scopus.com/inward/record.uri?partnerID=HzOxMe3b&scp=105034069456&origin=inward
Q4_offpolicy_vs_onpolicy,"TITLE-ABS-KEY((""soft actor-critic"" OR SAC OR TD3 OR DDPG OR PPO) AND (""energy management"" OR microgrid OR HEMS)) AND PUBYEAR > 2018 AND LANGUAGE(english) AND (DOCTYPE(ar))",2-s2.0-105029511264,Adaptive optimization of BESS and grid set points: A model-free framework for energy management under dynamic tariff pricing,10.1016/j.energy.2026.140148,Energy,2026-03-01,Article,0,1,Selim A.; Mo H.; Pota H.; Dong D.,University of Technology Sydney; University of New South Wales at Australian Defence Force Academy,https://www.scopus.com/inward/record.uri?partnerID=HzOxMe3b&scp=105029511264&origin=inward
Q4_offpolicy_vs_onpolicy,"TITLE-ABS-KEY((""soft actor-critic"" OR SAC OR TD3 OR DDPG OR PPO) AND (""energy management"" OR microgrid OR HEMS)) AND PUBYEAR > 2018 AND LANGUAGE(english) AND (DOCTYPE(ar))",2-s2.0-105029915634,A study on energy management strategies for fuel cell hybrid systems considering economy and durability,10.1016/j.jpowsour.2025.239205,Journal of Power Sources,2026-02-28,Article,0,0,Hu Y.; Du C.; Li X.; Zhao J.; Zhao J.,Wuhan University of Technology; Foshan Xianhu Laboratory of the Advanced Energy Science and Technology Guangdong Laboratory; Henan Industry and Trade Vocational College,https://www.scopus.com/inward/record.uri?partnerID=HzOxMe3b&scp=105029915634&origin=inward
Q4_offpolicy_vs_onpolicy,"TITLE-ABS-KEY((""soft actor-critic"" OR SAC OR TD3 OR DDPG OR PPO) AND (""energy management"" OR microgrid OR HEMS)) AND PUBYEAR > 2018 AND LANGUAGE(english) AND (DOCTYPE(ar))",2-s2.0-105026658191,An imitation reinforcement learning based energy management framework for building air-conditioning systems with chilled water storage,10.1016/j.enbuild.2026.116951,Energy and Buildings,2026-02-15,Article,0,0,Zhang H.; Ding Y.; Tian Z.,Tianjin University,https://www.scopus.com/inward/record.uri?partnerID=HzOxMe3b&scp=105026658191&origin=inward
Q4_offpolicy_vs_onpolicy,"TITLE-ABS-KEY((""soft actor-critic"" OR SAC OR TD3 OR DDPG OR PPO) AND (""energy management"" OR microgrid OR HEMS)) AND PUBYEAR > 2018 AND LANGUAGE(english) AND (DOCTYPE(ar))",2-s2.0-105029933949,Enhanced energy management for fuel cell hybrid electric tracked vehicles: Integrating reinforcement learning with data augmentation and imitation learning,10.1016/j.jpowsour.2025.239081,Journal of Power Sources,2026-02-15,Article,0,0,Su Q.; Huang R.; Zhang Z.; He H.; Kang L.,"Beijing Institute of Technology; School of Mechanical Engineering, Beijing Institute of Technology",https://www.scopus.com/inward/record.uri?partnerID=HzOxMe3b&scp=105029933949&origin=inward
Q4_offpolicy_vs_onpolicy,"TITLE-ABS-KEY((""soft actor-critic"" OR SAC OR TD3 OR DDPG OR PPO) AND (""energy management"" OR microgrid OR HEMS)) AND PUBYEAR > 2018 AND LANGUAGE(english) AND (DOCTYPE(ar))",2-s2.0-105025034767,An energy management strategy for fuel cell hybrid electric UAVs based on physically-aware soft reinforcement learning,10.1016/j.ast.2025.111489,Aerospace Science and Technology,2026-02-01,Article,0,0,Wang Y.; Liu P.; Deng T.,Chongqing Jiaotong University; Chongqing Key Laboratory of Green Aviation Energy and Power,https://www.scopus.com/inward/record.uri?partnerID=HzOxMe3b&scp=105025034767&origin=inward
Q4_offpolicy_vs_onpolicy,"TITLE-ABS-KEY((""soft actor-critic"" OR SAC OR TD3 OR DDPG OR PPO) AND (""energy management"" OR microgrid OR HEMS)) AND PUBYEAR > 2018 AND LANGUAGE(english) AND (DOCTYPE(ar))",2-s2.0-105031115856,Research on Energy Management Optimization for Hybrid-Powered Port Tugboat Systems Based on a Dual-Delay Deep Deterministic Policy Gradient Algorithm,10.3390/en19040905,Energies,2026-02-01,Article,0,1,Li Z.; Long W.; Tian H.,Dalian University of Technology,https://www.scopus.com/inward/record.uri?partnerID=HzOxMe3b&scp=105031115856&origin=inward
Q4_offpolicy_vs_onpolicy,"TITLE-ABS-KEY((""soft actor-critic"" OR SAC OR TD3 OR DDPG OR PPO) AND (""energy management"" OR microgrid OR HEMS)) AND PUBYEAR > 2018 AND LANGUAGE(english) AND (DOCTYPE(ar))",2-s2.0-105024322850,Deep reinforcement learning-driven operational strategy for community microgrid systems: Balancing energy efficiency and occupant comfort in residential buildings,10.1016/j.enbuild.2025.116749,Energy and Buildings,2026-02-01,Article,1,0,Zhang J.; Jiang Z.; Wang W.; Ju Y.,North China Electric Power University; State Grid Jibei Information & Telecommunication Company,https://www.scopus.com/inward/record.uri?partnerID=HzOxMe3b&scp=105024322850&origin=inward
Q4_offpolicy_vs_onpolicy,"TITLE-ABS-KEY((""soft actor-critic"" OR SAC OR TD3 OR DDPG OR PPO) AND (""energy management"" OR microgrid OR HEMS)) AND PUBYEAR > 2018 AND LANGUAGE(english) AND (DOCTYPE(ar))",2-s2.0-105034274759,"A Study of Reinforcement Learning Framework for Energy Management in Smart Grids: Integrating Market Trading, Load Forecasting, and Vertical Agents",10.7840/kics.2026.51.2.324,Journal of Korean Institute of Communications and Information Sciences,2026-02-01,Article,0,0,Valiev K.; Ikromov S.; Kim Y.,Woosong University,https://www.scopus.com/inward/record.uri?partnerID=HzOxMe3b&scp=105034274759&origin=inward
Q4_offpolicy_vs_onpolicy,"TITLE-ABS-KEY((""soft actor-critic"" OR SAC OR TD3 OR DDPG OR PPO) AND (""energy management"" OR microgrid OR HEMS)) AND PUBYEAR > 2018 AND LANGUAGE(english) AND (DOCTYPE(ar))",2-s2.0-105027193987,Improved soft actor-critic based health energy management strategy design for a dual-motor battery electric vehicle,10.1016/j.energy.2025.139838,Energy,2026-02-01,Article,0,0,Yang W.; Guo X.; Dai W.,Southeast University; Nanjing University of Science and Technology,https://www.scopus.com/inward/record.uri?partnerID=HzOxMe3b&scp=105027193987&origin=inward
Q4_offpolicy_vs_onpolicy,"TITLE-ABS-KEY((""soft actor-critic"" OR SAC OR TD3 OR DDPG OR PPO) AND (""energy management"" OR microgrid OR HEMS)) AND PUBYEAR > 2018 AND LANGUAGE(english) AND (DOCTYPE(ar))",2-s2.0-105002081021,Hierarchical control based on SPAT unidirectional heterogeneous communication topology for intelligent connected hybrid electric vehicle platoon,10.1177/09544070251328073,Proceedings of the Institution of Mechanical Engineers Part D Journal of Automobile Engineering,2026-02-01,Article,0,0,Yin Y.; Zhang F.; Luo Y.; Zhan S.; Xiao H.; Chen H.,Guizhou University; Chongqing Jiaotong University; Chongqing University of Technology,https://www.scopus.com/inward/record.uri?partnerID=HzOxMe3b&scp=105002081021&origin=inward
Q4_offpolicy_vs_onpolicy,"TITLE-ABS-KEY((""soft actor-critic"" OR SAC OR TD3 OR DDPG OR PPO) AND (""energy management"" OR microgrid OR HEMS)) AND PUBYEAR > 2018 AND LANGUAGE(english) AND (DOCTYPE(ar))",2-s2.0-105000554788,Application of improved SAC energy management strategy for fuel cell vehicles,10.1177/09544070251324802,Proceedings of the Institution of Mechanical Engineers Part D Journal of Automobile Engineering,2026-02-01,Article,0,0,Xu H.; Qi J.,Shenyang Ligong University,https://www.scopus.com/inward/record.uri?partnerID=HzOxMe3b&scp=105000554788&origin=inward
Q4_offpolicy_vs_onpolicy,"TITLE-ABS-KEY((""soft actor-critic"" OR SAC OR TD3 OR DDPG OR PPO) AND (""energy management"" OR microgrid OR HEMS)) AND PUBYEAR > 2018 AND LANGUAGE(english) AND (DOCTYPE(ar))",2-s2.0-105027864239,Multi-agent Co-optimized battery aging-aware control strategy for a CVT-hybrid electric vehicle by using PPO and DQN reinforcement learning algorithm,10.1016/j.energy.2026.139971,Energy,2026-02-01,Article,0,0,Huang H.; Li M.; Sun Y.; Zhang J.; Lin X.,Fuzhou University; Yanshan University; Ltd.; Quanzhou Vocational College of Economics and Business,https://www.scopus.com/inward/record.uri?partnerID=HzOxMe3b&scp=105027864239&origin=inward
Q4_offpolicy_vs_onpolicy,"TITLE-ABS-KEY((""soft actor-critic"" OR SAC OR TD3 OR DDPG OR PPO) AND (""energy management"" OR microgrid OR HEMS)) AND PUBYEAR > 2018 AND LANGUAGE(english) AND (DOCTYPE(ar))",2-s2.0-105031275365,Co-Optimization of Cooperative Adaptive Cruise Control and Energy Management for Plug-in Hybrid Electric Truck Platoons,10.3390/en19040935,Energies,2026-02-01,Article,0,1,Liu X.; Mai D.; Mao J.; Zhang G.; Wu X.; Meng Y.,Guangxi University; Ltd.,https://www.scopus.com/inward/record.uri?partnerID=HzOxMe3b&scp=105031275365&origin=inward
Q4_offpolicy_vs_onpolicy,"TITLE-ABS-KEY((""soft actor-critic"" OR SAC OR TD3 OR DDPG OR PPO) AND (""energy management"" OR microgrid OR HEMS)) AND PUBYEAR > 2018 AND LANGUAGE(english) AND (DOCTYPE(ar))",2-s2.0-105027977128,Research on a physical-driven energy management strategy for range-extended electric vehicles considering power dynamic coupling between battery and range extender,10.1016/j.energy.2026.140084,Energy,2026-02-01,Article,0,0,Luan Z.; Ding F.; Zhao W.; Wang C.; Xu K.,National University of Singapore; Nanjing University of Aeronautics and Astronautics,https://www.scopus.com/inward/record.uri?partnerID=HzOxMe3b&scp=105027977128&origin=inward
Q4_offpolicy_vs_onpolicy,"TITLE-ABS-KEY((""soft actor-critic"" OR SAC OR TD3 OR DDPG OR PPO) AND (""energy management"" OR microgrid OR HEMS)) AND PUBYEAR > 2018 AND LANGUAGE(english) AND (DOCTYPE(ar))",2-s2.0-105019543727,DRL-Based Coordinated Optimization Control for Intelligent Connected Hybrid Electric Mining Trucks Under Coupled Dynamic Load-Continuous Slope Conditions,10.1109/TTE.2025.3621077,IEEE Transactions on Transportation Electrification,2026-02-01,Article,0,0,Tang Q.; Chen X.; Bian Y.; Zhang L.; Tang X.; Hu M.,Chongqing University; Hunan University,https://www.scopus.com/inward/record.uri?partnerID=HzOxMe3b&scp=105019543727&origin=inward
Q4_offpolicy_vs_onpolicy,"TITLE-ABS-KEY((""soft actor-critic"" OR SAC OR TD3 OR DDPG OR PPO) AND (""energy management"" OR microgrid OR HEMS)) AND PUBYEAR > 2018 AND LANGUAGE(english) AND (DOCTYPE(ar))",2-s2.0-105033523133,Enhancing Dual-Mode Power-Split HEV Performance: An Intelligent Energy Management Considering Powertrain Dynamic,10.1007/s42154-024-00351-7,Automotive Innovation,2026-02-01,Article,0,0,Ren X.; Liu H.; Nie S.; Qin Y.; Guo L.,"Beijing Institute of Technology; School of Mechanical Engineering, Beijing Institute of Technology",https://www.scopus.com/inward/record.uri?partnerID=HzOxMe3b&scp=105033523133&origin=inward
Q4_offpolicy_vs_onpolicy,"TITLE-ABS-KEY((""soft actor-critic"" OR SAC OR TD3 OR DDPG OR PPO) AND (""energy management"" OR microgrid OR HEMS)) AND PUBYEAR > 2018 AND LANGUAGE(english) AND (DOCTYPE(ar))",2-s2.0-105025198676,Fractional-order fuzzy reinforcement learning-based load frequency controller,10.1016/j.asoc.2025.114490,Applied Soft Computing,2026-02-01,Article,0,0,Shirali S.; Delavari H.,Bu-Ali Sina University; Hamedan University of Technology,https://www.scopus.com/inward/record.uri?partnerID=HzOxMe3b&scp=105025198676&origin=inward
Q4_offpolicy_vs_onpolicy,"TITLE-ABS-KEY((""soft actor-critic"" OR SAC OR TD3 OR DDPG OR PPO) AND (""energy management"" OR microgrid OR HEMS)) AND PUBYEAR > 2018 AND LANGUAGE(english) AND (DOCTYPE(ar))",2-s2.0-105027172184,Reinforcement learning strategies for dynamic stabilization in DC microgrid: a comprehensive survey,10.1007/s00202-025-03422-y,Electrical Engineering,2026-02-01,Article,0,0,Maurya R.; Meshram R.; Prakash S.; Singh A.K.,"Indian Institute of Technology Madras; Indian Institute of Information Technology, Allahabad",https://www.scopus.com/inward/record.uri?partnerID=HzOxMe3b&scp=105027172184&origin=inward
Q4_offpolicy_vs_onpolicy,"TITLE-ABS-KEY((""soft actor-critic"" OR SAC OR TD3 OR DDPG OR PPO) AND (""energy management"" OR microgrid OR HEMS)) AND PUBYEAR > 2018 AND LANGUAGE(english) AND (DOCTYPE(ar))",2-s2.0-105027169873,Health-aware energy management strategy for fuel cell hybrid electric vehicles based on an improved soft actor-critic framework,10.1016/j.ijhydene.2025.153313,International Journal of Hydrogen Energy,2026-01-30,Article,1,0,Qi X.; Luo M.; Zhang R.; Sui P.C.,Wuhan University of Technology; Guangdong Hydrogen Energy Institute of WHUT,https://www.scopus.com/inward/record.uri?partnerID=HzOxMe3b&scp=105027169873&origin=inward
Q4_offpolicy_vs_onpolicy,"TITLE-ABS-KEY((""soft actor-critic"" OR SAC OR TD3 OR DDPG OR PPO) AND (""energy management"" OR microgrid OR HEMS)) AND PUBYEAR > 2018 AND LANGUAGE(english) AND (DOCTYPE(ar))",2-s2.0-105023477458,AE-TD3 with adaptive expert guidance: towards responsive deep reinforcement learning for building HVAC control systems,10.1016/j.enbuild.2025.116744,Energy and Buildings,2026-01-15,Article,0,0,Wu Z.; Mu Y.; Jin X.; Xu Y.; Jia H.; Zhao J.,Tianjin University,https://www.scopus.com/inward/record.uri?partnerID=HzOxMe3b&scp=105023477458&origin=inward
Q4_offpolicy_vs_onpolicy,"TITLE-ABS-KEY((""soft actor-critic"" OR SAC OR TD3 OR DDPG OR PPO) AND (""energy management"" OR microgrid OR HEMS)) AND PUBYEAR > 2018 AND LANGUAGE(english) AND (DOCTYPE(ar))",2-s2.0-105031091163,Health-Aware Energy Management For Fuel Cell Hybrid Electric Vehicles Using Federated Soft Actor-Critic Approach,10.1109/TTE.2026.3661383,IEEE Transactions on Transportation Electrification,2026-01-01,Article,0,0,Hu F.; Ma Y.,Jilin University; National Key Laboratory of Automotive Chassis Integration and Bionics,https://www.scopus.com/inward/record.uri?partnerID=HzOxMe3b&scp=105031091163&origin=inward
Q4_offpolicy_vs_onpolicy,"TITLE-ABS-KEY((""soft actor-critic"" OR SAC OR TD3 OR DDPG OR PPO) AND (""energy management"" OR microgrid OR HEMS)) AND PUBYEAR > 2018 AND LANGUAGE(english) AND (DOCTYPE(ar))",2-s2.0-105031584040,Multi-layer collaborative dispatching method of distribution network and microgrid cluster based on MASAC-ALM algorithm,10.1063/5.0319979,Journal of Renewable and Sustainable Energy,2026-01-01,Article,0,0,Zhu L.; Gong H.; Liu P.; Wu Q.; Huang W.; Song L.; Wen Y.,North China Electric Power University; Ltd.; State Grid Lishui Power Supply Company,https://www.scopus.com/inward/record.uri?partnerID=HzOxMe3b&scp=105031584040&origin=inward
Q4_offpolicy_vs_onpolicy,"TITLE-ABS-KEY((""soft actor-critic"" OR SAC OR TD3 OR DDPG OR PPO) AND (""energy management"" OR microgrid OR HEMS)) AND PUBYEAR > 2018 AND LANGUAGE(english) AND (DOCTYPE(ar))",2-s2.0-105032910049,Research on Energy Management Decision-Making Methods for Hydrogen–Electricity Coupling in Multi-Microgrids Under the Virtual Power Plant Model,10.1049/rpg2.70233,Iet Renewable Power Generation,2026-01-01,Article,0,1,Shi T.; He M.; Zhou H.; Zhang T.,Nanjing University of Post and TeleCommunications,https://www.scopus.com/inward/record.uri?partnerID=HzOxMe3b&scp=105032910049&origin=inward
Q4_offpolicy_vs_onpolicy,"TITLE-ABS-KEY((""soft actor-critic"" OR SAC OR TD3 OR DDPG OR PPO) AND (""energy management"" OR microgrid OR HEMS)) AND PUBYEAR > 2018 AND LANGUAGE(english) AND (DOCTYPE(ar))",2-s2.0-105025932459,Online energy management strategy for fuel cell hybrid powertrain based on multi-objective constraint rules embedded in soft actor-critic learning,10.1016/j.etran.2025.100532,Etransportation,2026-01-01,Article,0,0,Hu B.; Qu Z.; Zhang J.; Ming P.,Xi'an Jiaotong University; Tongji University,https://www.scopus.com/inward/record.uri?partnerID=HzOxMe3b&scp=105025932459&origin=inward
Q4_offpolicy_vs_onpolicy,"TITLE-ABS-KEY((""soft actor-critic"" OR SAC OR TD3 OR DDPG OR PPO) AND (""energy management"" OR microgrid OR HEMS)) AND PUBYEAR > 2018 AND LANGUAGE(english) AND (DOCTYPE(ar))",2-s2.0-105028661873,Environmentally Sustainable HVAC Management in Smart Buildings Using a Reinforcement Learning Framework SACEM,10.3390/su18021036,Sustainability Switzerland,2026-01-01,Article,0,1,Alshammari A.; Elhadi A.A.E.; Ibrahim A.O.,Universiti Teknologi PETRONAS; University of Hafr Al-Batin,https://www.scopus.com/inward/record.uri?partnerID=HzOxMe3b&scp=105028661873&origin=inward
Q4_offpolicy_vs_onpolicy,"TITLE-ABS-KEY((""soft actor-critic"" OR SAC OR TD3 OR DDPG OR PPO) AND (""energy management"" OR microgrid OR HEMS)) AND PUBYEAR > 2018 AND LANGUAGE(english) AND (DOCTYPE(ar))",2-s2.0-105034688247,Reinforcement Learning-Guided Federated Multi-Task Learning for Adaptive Energy Management in IIoT-Enabled Industrial Microgrids,10.1109/TIA.2026.3678564,IEEE Transactions on Industry Applications,2026-01-01,Article,0,0,Dhanush M.; Senisetty M.; Kiran P.,"Amrita University, Amritapuri Campus",https://www.scopus.com/inward/record.uri?partnerID=HzOxMe3b&scp=105034688247&origin=inward
Q4_offpolicy_vs_onpolicy,"TITLE-ABS-KEY((""soft actor-critic"" OR SAC OR TD3 OR DDPG OR PPO) AND (""energy management"" OR microgrid OR HEMS)) AND PUBYEAR > 2018 AND LANGUAGE(english) AND (DOCTYPE(ar))",2-s2.0-105019687201,Hybrid transformer DDPG framework for solar radiation forecasting and battery energy storage optimization in a PV-powered microgrid,10.1007/s41870-025-02820-6,International Journal of Information Technology Singapore,2026-01-01,Article,0,0,Lijo Thomas J.; Rajagopal B.G.; Senthil Kumaran V.N.,SRM Institute of Science and Technology,https://www.scopus.com/inward/record.uri?partnerID=HzOxMe3b&scp=105019687201&origin=inward
Q4_offpolicy_vs_onpolicy,"TITLE-ABS-KEY((""soft actor-critic"" OR SAC OR TD3 OR DDPG OR PPO) AND (""energy management"" OR microgrid OR HEMS)) AND PUBYEAR > 2018 AND LANGUAGE(english) AND (DOCTYPE(ar))",2-s2.0-105010557809,Optimal distributed finite-time consensus control of multi-agent systems with Markovian switching topologies and applications to micro-grids,10.1016/j.amc.2025.129629,Applied Mathematics and Computation,2026-01-01,Article,3,1,Wang G.; Lyu Y.; Zhang Y.,Liaoning Petrochemical University; Kashi University,https://www.scopus.com/inward/record.uri?partnerID=HzOxMe3b&scp=105010557809&origin=inward
Q4_offpolicy_vs_onpolicy,"TITLE-ABS-KEY((""soft actor-critic"" OR SAC OR TD3 OR DDPG OR PPO) AND (""energy management"" OR microgrid OR HEMS)) AND PUBYEAR > 2018 AND LANGUAGE(english) AND (DOCTYPE(ar))",2-s2.0-105028839579,A Soft Actor-Critic-Based Energy Management Strategy for Fuel Cell Vehicles Considering Fuel Cell Degradation,10.3390/en19020430,Energies,2026-01-01,Article,1,1,Zeng H.; Du C.; Hu Y.,Wuhan University of Technology; National Energy Key Laboratory for New Hydrogen-Ammonia Energy Technologies,https://www.scopus.com/inward/record.uri?partnerID=HzOxMe3b&scp=105028839579&origin=inward
Q4_offpolicy_vs_onpolicy,"TITLE-ABS-KEY((""soft actor-critic"" OR SAC OR TD3 OR DDPG OR PPO) AND (""energy management"" OR microgrid OR HEMS)) AND PUBYEAR > 2018 AND LANGUAGE(english) AND (DOCTYPE(ar))",2-s2.0-105021484738,Peer-to-peer energy trading in dairy farms using multi-agent reinforcement learning,10.1016/j.apenergy.2025.127041,Applied Energy,2026-01-01,Article,0,2,Shah M.I.A.; Cruz Victorio M.E.; Duffy M.; Barrett E.; Mason K.,University of Galway,https://www.scopus.com/inward/record.uri?partnerID=HzOxMe3b&scp=105021484738&origin=inward
Q4_offpolicy_vs_onpolicy,"TITLE-ABS-KEY((""soft actor-critic"" OR SAC OR TD3 OR DDPG OR PPO) AND (""energy management"" OR microgrid OR HEMS)) AND PUBYEAR > 2018 AND LANGUAGE(english) AND (DOCTYPE(ar))",2-s2.0-105020422634,Safe Deep Reinforcement Learning for Robust Frequency and Voltage-Constrained Networked Microgrid Restoration,10.1109/TIA.2025.3626472,IEEE Transactions on Industry Applications,2026-01-01,Article,1,0,Selim A.; Zhao J.; Dong J.; Lian J.,Oak Ridge National Laboratory; Dartmouth College,https://www.scopus.com/inward/record.uri?partnerID=HzOxMe3b&scp=105020422634&origin=inward
Q4_offpolicy_vs_onpolicy,"TITLE-ABS-KEY((""soft actor-critic"" OR SAC OR TD3 OR DDPG OR PPO) AND (""energy management"" OR microgrid OR HEMS)) AND PUBYEAR > 2018 AND LANGUAGE(english) AND (DOCTYPE(ar))",2-s2.0-105017652520,Safe Deep Reinforcement Learning for Energy Management of Electrified Vehicles: Optimal Action Filtering and Battery-in-the-Loop Validation,10.1109/TTE.2025.3615387,IEEE Transactions on Transportation Electrification,2026-01-01,Article,3,0,Wang H.; Biswas A.; Chen J.; Yan F.; Machado F.; Emadi A.,"Indian Institute of Technology Madras; McMaster University, Faculty of Engineering",https://www.scopus.com/inward/record.uri?partnerID=HzOxMe3b&scp=105017652520&origin=inward
Q4_offpolicy_vs_onpolicy,"TITLE-ABS-KEY((""soft actor-critic"" OR SAC OR TD3 OR DDPG OR PPO) AND (""energy management"" OR microgrid OR HEMS)) AND PUBYEAR > 2018 AND LANGUAGE(english) AND (DOCTYPE(ar))",2-s2.0-105031931637,A High-Frequency Small-AC-Signal Injection Based Decentralized Secondary Frequency Control Method for Islanded Low-Voltage AC Microgrids with Background Harmonics,10.1109/JESTPE.2026.3670029,IEEE Journal of Emerging and Selected Topics in Power Electronics,2026-01-01,Article,0,0,Wu X.; Liu Z.; Wang W.; Shi Y.; Li J.; Liu J.,,https://www.scopus.com/inward/record.uri?partnerID=HzOxMe3b&scp=105031931637&origin=inward
Q4_offpolicy_vs_onpolicy,"TITLE-ABS-KEY((""soft actor-critic"" OR SAC OR TD3 OR DDPG OR PPO) AND (""energy management"" OR microgrid OR HEMS)) AND PUBYEAR > 2018 AND LANGUAGE(english) AND (DOCTYPE(ar))",2-s2.0-105020925471,CyGen-SAC: A data-driven framework for representativeness metric and policy optimization in generation of multidimensional driving cycles,10.1016/j.aei.2025.103967,Advanced Engineering Informatics,2026-01-01,Article,2,0,Hu J.; He H.; Wu J.,"School of Mechanical Engineering, Beijing Institute of Technology",https://www.scopus.com/inward/record.uri?partnerID=HzOxMe3b&scp=105020925471&origin=inward
Q4_offpolicy_vs_onpolicy,"TITLE-ABS-KEY((""soft actor-critic"" OR SAC OR TD3 OR DDPG OR PPO) AND (""energy management"" OR microgrid OR HEMS)) AND PUBYEAR > 2018 AND LANGUAGE(english) AND (DOCTYPE(ar))",2-s2.0-105029184832,Enhancing real-time energy management in diesel-electric hybrid trains through rule-augmented deep reinforcement learning,10.1177/14680874251411976,International Journal of Engine Research,2026-01-01,Article,0,0,Li C.; Kang J.; Hu E.,"Tongji University; CRRC Zhuzhou Institute Co., Ltd",https://www.scopus.com/inward/record.uri?partnerID=HzOxMe3b&scp=105029184832&origin=inward
Q4_offpolicy_vs_onpolicy,"TITLE-ABS-KEY((""soft actor-critic"" OR SAC OR TD3 OR DDPG OR PPO) AND (""energy management"" OR microgrid OR HEMS)) AND PUBYEAR > 2018 AND LANGUAGE(english) AND (DOCTYPE(ar))",2-s2.0-105017165265,Uncertainty-Driven Active Reinforcement Learning for Energy Management Strategy in Electrified Vehicles,10.1109/TTE.2025.3614254,IEEE Transactions on Transportation Electrification,2026-01-01,Article,1,2,Hu D.; Tian C.; Nguyen A.T.; Huang C.,The Hong Kong Polytechnic University; Université Polytechnique Hauts-de-France,https://www.scopus.com/inward/record.uri?partnerID=HzOxMe3b&scp=105017165265&origin=inward
Q4_offpolicy_vs_onpolicy,"TITLE-ABS-KEY((""soft actor-critic"" OR SAC OR TD3 OR DDPG OR PPO) AND (""energy management"" OR microgrid OR HEMS)) AND PUBYEAR > 2018 AND LANGUAGE(english) AND (DOCTYPE(ar))",2-s2.0-85217640143,Multistep Criticality Search and Power Shaping in Nuclear Microreactors with Deep Reinforcement Learning,10.1080/00295639.2024.2447012,Nuclear Science and Engineering,2026-01-01,Article,1,1,Radaideh M.I.; Tunkle L.; Price D.; Abdulraheem K.; Lin L.; Elias M.,"University of Michigan, Ann Arbor; Idaho National Laboratory; Lam Research Corporation",https://www.scopus.com/inward/record.uri?partnerID=HzOxMe3b&scp=85217640143&origin=inward
Q4_offpolicy_vs_onpolicy,"TITLE-ABS-KEY((""soft actor-critic"" OR SAC OR TD3 OR DDPG OR PPO) AND (""energy management"" OR microgrid OR HEMS)) AND PUBYEAR > 2018 AND LANGUAGE(english) AND (DOCTYPE(ar))",2-s2.0-105022778935,Cooperative Multi-Agent Deep Reinforcement Learning for Service-Aware Energy Optimization at the Network Edge,10.1109/TNSE.2025.3633581,IEEE Transactions on Network Science and Engineering,2026-01-01,Article,0,0,Chari S.K.; Vardakas J.S.; Ramantas K.; Verikoukis C.,Universitat Politècnica de Catalunya; University of Patras; University of Western Macedonia; Iquadrat Informatica S.L.; Athena Research Center,https://www.scopus.com/inward/record.uri?partnerID=HzOxMe3b&scp=105022778935&origin=inward
Q4_offpolicy_vs_onpolicy,"TITLE-ABS-KEY((""soft actor-critic"" OR SAC OR TD3 OR DDPG OR PPO) AND (""energy management"" OR microgrid OR HEMS)) AND PUBYEAR > 2018 AND LANGUAGE(english) AND (DOCTYPE(ar))",2-s2.0-105025132445,Enhanced eco-driving and energy management for heterogeneous hybrid electric vehicles through integrated transfer learning and deep reinforcement learning,10.1016/j.energy.2025.139626,Energy,2026-01-01,Article,1,0,Zhu Z.; Han Y.; Du A.,Tongji University; University of Shanghai for Science and Technology,https://www.scopus.com/inward/record.uri?partnerID=HzOxMe3b&scp=105025132445&origin=inward
Q4_offpolicy_vs_onpolicy,"TITLE-ABS-KEY((""soft actor-critic"" OR SAC OR TD3 OR DDPG OR PPO) AND (""energy management"" OR microgrid OR HEMS)) AND PUBYEAR > 2018 AND LANGUAGE(english) AND (DOCTYPE(ar))",2-s2.0-105029420671,Deep Reinforcement Learning for Energy Management in Hybrid Electric Vehicles With Softmax Double-Actor Regularized Critics,10.1109/OJVT.2026.3660677,IEEE Open Journal of Vehicular Technology,2026-01-01,Article,0,1,Shaik J.; Karri S.P.K.; Rajamallaiah A.; Bingi K.; Kannan R.; Panwar V.S.,"Zhejiang University; Universiti Teknologi PETRONAS; Manipal Institute of Technology; School of Aeronautics and Astronautics, Zhejiang University; National Institute of Technology Andhra Pradesh; Sri Vasavi Engineering College",https://www.scopus.com/inward/record.uri?partnerID=HzOxMe3b&scp=105029420671&origin=inward
Q4_offpolicy_vs_onpolicy,"TITLE-ABS-KEY((""soft actor-critic"" OR SAC OR TD3 OR DDPG OR PPO) AND (""energy management"" OR microgrid OR HEMS)) AND PUBYEAR > 2018 AND LANGUAGE(english) AND (DOCTYPE(ar))",2-s2.0-105025395573,Quantum-Enhanced PPO for Demand Follower Model in Stochastic Industrial Smart Grid Environment,10.1109/ACCESS.2025.3644968,IEEE Access,2026-01-01,Article,0,1,Yeboah S.J.; Nunoo S.; Cudjoe Attachie J.; Adu Ansere J.; Gyamfi E.,Memorial University of Newfoundland; University of Mines and Technology; National College of Ireland; Sunyani Technical University,https://www.scopus.com/inward/record.uri?partnerID=HzOxMe3b&scp=105025395573&origin=inward
Q4_offpolicy_vs_onpolicy,"TITLE-ABS-KEY((""soft actor-critic"" OR SAC OR TD3 OR DDPG OR PPO) AND (""energy management"" OR microgrid OR HEMS)) AND PUBYEAR > 2018 AND LANGUAGE(english) AND (DOCTYPE(ar))",2-s2.0-105028622453,Intelligent Control Framework for Optimal Energy Management of University Campus Microgrid,10.3390/smartcities9010018,Smart Cities,2026-01-01,Article,0,1,Marinova G.; Hajrizi E.; Qehaja B.; Guliashki V.,"Technical University of Sofia; Institute of Information and Communication Technologies, Bulgarian Academy of Sciences",https://www.scopus.com/inward/record.uri?partnerID=HzOxMe3b&scp=105028622453&origin=inward
Q4_offpolicy_vs_onpolicy,"TITLE-ABS-KEY((""soft actor-critic"" OR SAC OR TD3 OR DDPG OR PPO) AND (""energy management"" OR microgrid OR HEMS)) AND PUBYEAR > 2018 AND LANGUAGE(english) AND (DOCTYPE(ar))",2-s2.0-105024821227,Proximal Policy Optimization-Based Reinforcement Learning Control of Single-Stage Multiport Inverter in Islanded Microgrids,10.1109/TIE.2025.3634402,IEEE Transactions on Industrial Electronics,2026-01-01,Article,0,0,Kuang Y.; Zhou D.; Shen Z.; Zou J.; Liu X.,University of Electronic Science and Technology of China,https://www.scopus.com/inward/record.uri?partnerID=HzOxMe3b&scp=105024821227&origin=inward
Q4_offpolicy_vs_onpolicy,"TITLE-ABS-KEY((""soft actor-critic"" OR SAC OR TD3 OR DDPG OR PPO) AND (""energy management"" OR microgrid OR HEMS)) AND PUBYEAR > 2018 AND LANGUAGE(english) AND (DOCTYPE(ar))",2-s2.0-105032722931,Deep reinforcement learning-based multi-objective energy management for fuel cell heavy-duty trucks,10.1504/IJPT.2026.151999,International Journal of Powertrains,2026-01-01,Article,0,0,Zhu Z.; Liu D.; Jiang W.; Zhang Z.; Li C.; Ji C.,Hefei University of Technology; Chongqing University of Technology,https://www.scopus.com/inward/record.uri?partnerID=HzOxMe3b&scp=105032722931&origin=inward
Q4_offpolicy_vs_onpolicy,"TITLE-ABS-KEY((""soft actor-critic"" OR SAC OR TD3 OR DDPG OR PPO) AND (""energy management"" OR microgrid OR HEMS)) AND PUBYEAR > 2018 AND LANGUAGE(english) AND (DOCTYPE(ar))",2-s2.0-105025643842,Microgrid secure pricing and real-time flexible energy market integrated with trust-based demand response: a multi-layer FDRL architecture,10.1016/j.ijepes.2025.111536,International Journal of Electrical Power and Energy Systems,2026-01-01,Article,0,1,Sepehrzad R.; Hosseinalibeiki H.; Sadabadi M.S.; al Durra A.,The University of Manchester; Università degli Studi di Salerno; University of Canterbury; Khalifa University,https://www.scopus.com/inward/record.uri?partnerID=HzOxMe3b&scp=105025643842&origin=inward
Q4_offpolicy_vs_onpolicy,"TITLE-ABS-KEY((""soft actor-critic"" OR SAC OR TD3 OR DDPG OR PPO) AND (""energy management"" OR microgrid OR HEMS)) AND PUBYEAR > 2018 AND LANGUAGE(english) AND (DOCTYPE(ar))",2-s2.0-105020665643,Robust deep reinforcement learning for improved energy-comfort performance in HVAC systems,10.1016/j.buildenv.2025.113895,Building and Environment,2026-01-01,Article,1,0,Zhang L.; Guo J.; Chen C.; Lin P.; Tiong R.L.K.,Huazhong University of Science and Technology; School of Civil and Environmental Engineering,https://www.scopus.com/inward/record.uri?partnerID=HzOxMe3b&scp=105020665643&origin=inward
Q4_offpolicy_vs_onpolicy,"TITLE-ABS-KEY((""soft actor-critic"" OR SAC OR TD3 OR DDPG OR PPO) AND (""energy management"" OR microgrid OR HEMS)) AND PUBYEAR > 2018 AND LANGUAGE(english) AND (DOCTYPE(ar))",2-s2.0-105032256336,A Hybrid Deep Reinforcement-Supervised Learning Framework for Energy Management of Fuel Cell-Battery Hybrid Vehicles,10.1109/TTE.2026.3671072,IEEE Transactions on Transportation Electrification,2026-01-01,Article,0,0,Yang D.; Lv H.; Yan Y.; Li M.; Pan R.; Liang J.,"Zhengzhou University; Xiangtan University; School of Electrical Engineering and Automation, Anhui University; State Key Laboratory of Intelligent Agricultural Power Equipment",https://www.scopus.com/inward/record.uri?partnerID=HzOxMe3b&scp=105032256336&origin=inward
Q4_offpolicy_vs_onpolicy,"TITLE-ABS-KEY((""soft actor-critic"" OR SAC OR TD3 OR DDPG OR PPO) AND (""energy management"" OR microgrid OR HEMS)) AND PUBYEAR > 2018 AND LANGUAGE(english) AND (DOCTYPE(ar))",2-s2.0-105018856255,Soft actor-critic-based energy management strategy for hybrid energy storage system in urban rail transit DC traction power supply system,10.1016/j.epsr.2025.112372,Electric Power Systems Research,2026-01-01,Article,1,0,Zhao Y.; Lin F.; Yang Z.,Beijing Jiaotong University,https://www.scopus.com/inward/record.uri?partnerID=HzOxMe3b&scp=105018856255&origin=inward
Q4_offpolicy_vs_onpolicy,"TITLE-ABS-KEY((""soft actor-critic"" OR SAC OR TD3 OR DDPG OR PPO) AND (""energy management"" OR microgrid OR HEMS)) AND PUBYEAR > 2018 AND LANGUAGE(english) AND (DOCTYPE(ar))",2-s2.0-105028374682,Reinforcement Learning-Based Fast Frequency Response Using Energy Storage for Remote Microgrids,10.1049/esi2.70030,Iet Energy Systems Integration,2026-01-01,Article,0,1,Aslami P.; Aryal T.; Bhujel N.; Rekabdarkolaee H.M.; Wang Z.; Hansen T.M.,"Colorado State University; Bowling Green State University; Walter Scott, Jr. College of Engineering; Maine College of Engineering and Computing; Jerome J. Lohr College of Engineering",https://www.scopus.com/inward/record.uri?partnerID=HzOxMe3b&scp=105028374682&origin=inward
Q4_offpolicy_vs_onpolicy,"TITLE-ABS-KEY((""soft actor-critic"" OR SAC OR TD3 OR DDPG OR PPO) AND (""energy management"" OR microgrid OR HEMS)) AND PUBYEAR > 2018 AND LANGUAGE(english) AND (DOCTYPE(ar))",2-s2.0-105033268874,Interpretable Hybrid Deep Reinforcement Learning-Based Energy Management in Low-Carbon Community Energy Systems With Temporal Attention Mechanism,10.1109/TCSS.2026.3670031,IEEE Transactions on Computational Social Systems,2026-01-01,Article,0,0,Yang L.; Yuan X.; Zhang N.; Cao X.; Sun C.,"Southeast University; School of Electrical Engineering and Automation, Anhui University; Anhui Provincial Key Laboratory of Security Artificial Intelligence, Anhui University",https://www.scopus.com/inward/record.uri?partnerID=HzOxMe3b&scp=105033268874&origin=inward
Q4_offpolicy_vs_onpolicy,"TITLE-ABS-KEY((""soft actor-critic"" OR SAC OR TD3 OR DDPG OR PPO) AND (""energy management"" OR microgrid OR HEMS)) AND PUBYEAR > 2018 AND LANGUAGE(english) AND (DOCTYPE(ar))",2-s2.0-105031575188,Multi-Objective Energy Management Optimization on Grid-Integrated Microgrid Using Multi-Agent Deep Reinforcement Learning for Enhanced System Stability in HRES and BESS,10.1109/ACCESS.2026.3668993,IEEE Access,2026-01-01,Article,0,1,Myint K.P.Y.; Deanseekeaw A.; Pahasa J.; Boonraksa P.; Boonraksa T.; Marungsri B.,Suranaree University of Technology; University of Phayao; Rajamangala University of Technology Rattanakosin; Rajamangala University of Technology Suvarnabhumi,https://www.scopus.com/inward/record.uri?partnerID=HzOxMe3b&scp=105031575188&origin=inward
Q4_offpolicy_vs_onpolicy,"TITLE-ABS-KEY((""soft actor-critic"" OR SAC OR TD3 OR DDPG OR PPO) AND (""energy management"" OR microgrid OR HEMS)) AND PUBYEAR > 2018 AND LANGUAGE(english) AND (DOCTYPE(ar))",2-s2.0-105027657122,Federated Reinforcement Learning for Peak Demand Mitigation in Residential Energy Systems With Dynamic Comfort Preferences,10.1109/ACCESS.2026.3653933,IEEE Access,2026-01-01,Article,0,1,Sumayli M.; Anubi O.M.,Jazan University; FAMU-FSU College of Engineering,https://www.scopus.com/inward/record.uri?partnerID=HzOxMe3b&scp=105027657122&origin=inward
Q4_offpolicy_vs_onpolicy,"TITLE-ABS-KEY((""soft actor-critic"" OR SAC OR TD3 OR DDPG OR PPO) AND (""energy management"" OR microgrid OR HEMS)) AND PUBYEAR > 2018 AND LANGUAGE(english) AND (DOCTYPE(ar))",2-s2.0-105035033350,Development of a High-Performance Regenerative Shock Absorber Utilizing Helical Gears for Efficient Energy Harvesting and Range Extension in Electric Vehicles,10.1142/S0218126626500519,Journal of Circuits Systems and Computers,2026-01-01,Article,0,0,Swamy V.M.M.; Vidyasagar S.,SRM Institute of Science and Technology,https://www.scopus.com/inward/record.uri?partnerID=HzOxMe3b&scp=105035033350&origin=inward
Q4_offpolicy_vs_onpolicy,"TITLE-ABS-KEY((""soft actor-critic"" OR SAC OR TD3 OR DDPG OR PPO) AND (""energy management"" OR microgrid OR HEMS)) AND PUBYEAR > 2018 AND LANGUAGE(english) AND (DOCTYPE(ar))",2-s2.0-105031526664,A Clean Hydrogen Constrained Optimization Scheduling for Hydrogen-Based Community Microgrid Systems,10.1109/TIA.2025.3649444,IEEE Transactions on Industry Applications,2026-01-01,Article,0,0,Chen H.; Wang C.; Liang D.; Zhao L.; Liao S.; Sun K.; Guo W.,Shandong University; Wuhan University; Hebei University of Technology,https://www.scopus.com/inward/record.uri?partnerID=HzOxMe3b&scp=105031526664&origin=inward
Q4_offpolicy_vs_onpolicy,"TITLE-ABS-KEY((""soft actor-critic"" OR SAC OR TD3 OR DDPG OR PPO) AND (""energy management"" OR microgrid OR HEMS)) AND PUBYEAR > 2018 AND LANGUAGE(english) AND (DOCTYPE(ar))",2-s2.0-105031502155,AI-OCPP Framework for Smart and Safe EV Charging: Real-World Performance Evaluation,10.1109/ACCESS.2026.3666978,IEEE Access,2026-01-01,Article,0,1,Hossen M.S.; Ramasamy G.; Eng N.E.,Multimedia University,https://www.scopus.com/inward/record.uri?partnerID=HzOxMe3b&scp=105031502155&origin=inward
Q4_offpolicy_vs_onpolicy,"TITLE-ABS-KEY((""soft actor-critic"" OR SAC OR TD3 OR DDPG OR PPO) AND (""energy management"" OR microgrid OR HEMS)) AND PUBYEAR > 2018 AND LANGUAGE(english) AND (DOCTYPE(ar))",2-s2.0-105029253271,Safety-Guaranteed Energy Management in Networked Multienergy Microgrids: A Multi-Actor Single-Critic Deep Reinforcement Learning Approach,10.1109/TII.2025.3649145,IEEE Transactions on Industrial Informatics,2026-01-01,Article,0,0,Yang H.; Tian H.; Guo F.; Deng R.,Zhejiang University of Technology; National Key Laboratory of Industrial Control Technology; Zhejiang Key Laboratory of Intelligent Perception and Control for Complex Systems,https://www.scopus.com/inward/record.uri?partnerID=HzOxMe3b&scp=105029253271&origin=inward
Q4_offpolicy_vs_onpolicy,"TITLE-ABS-KEY((""soft actor-critic"" OR SAC OR TD3 OR DDPG OR PPO) AND (""energy management"" OR microgrid OR HEMS)) AND PUBYEAR > 2018 AND LANGUAGE(english) AND (DOCTYPE(ar))",2-s2.0-105030063708,Peer-to-Peer Energy Trading for Multi-Microgrids via Stackelberg Game and Multi-Agent Deep Reinforcement Learning,10.17775/CSEEJPES.2022.00680,Csee Journal of Power and Energy Systems,2026-01-01,Article,1,1,Zhao P.; Wu J.; Shi F.; Li L.; Li B.; Wang Y.,Beijing Jiaotong University,https://www.scopus.com/inward/record.uri?partnerID=HzOxMe3b&scp=105030063708&origin=inward
Q4_offpolicy_vs_onpolicy,"TITLE-ABS-KEY((""soft actor-critic"" OR SAC OR TD3 OR DDPG OR PPO) AND (""energy management"" OR microgrid OR HEMS)) AND PUBYEAR > 2018 AND LANGUAGE(english) AND (DOCTYPE(ar))",2-s2.0-105019224032,Imitation-assisted safe reinforcement learning strategy for microgrid fault restoration,10.1016/j.asoc.2025.114031,Applied Soft Computing,2026-01-01,Article,0,0,Rong J.; Liu W.; Jiang F.; Yang Y.,Central South University,https://www.scopus.com/inward/record.uri?partnerID=HzOxMe3b&scp=105019224032&origin=inward
Q4_offpolicy_vs_onpolicy,"TITLE-ABS-KEY((""soft actor-critic"" OR SAC OR TD3 OR DDPG OR PPO) AND (""energy management"" OR microgrid OR HEMS)) AND PUBYEAR > 2018 AND LANGUAGE(english) AND (DOCTYPE(ar))",2-s2.0-105029079963,The application of improved PPO algorithm in microgrid energy management,10.1088/2631-8695/ae342b,Engineering Research Express,2026-01-01,Article,1,0,Wen X.; Duan Z.; Wang J.; Hong Q.,Northeast Electric Power University; Ltd.,https://www.scopus.com/inward/record.uri?partnerID=HzOxMe3b&scp=105029079963&origin=inward
Q4_offpolicy_vs_onpolicy,"TITLE-ABS-KEY((""soft actor-critic"" OR SAC OR TD3 OR DDPG OR PPO) AND (""energy management"" OR microgrid OR HEMS)) AND PUBYEAR > 2018 AND LANGUAGE(english) AND (DOCTYPE(ar))",2-s2.0-105031603910,TD3-Enhanced Adaptive Active Disturbance Rejection Control for Bidirectional DC-DC Converter in Photovoltaic-Battery Hybrid Microgrids,10.1109/TSG.2026.3668083,IEEE Transactions on Smart Grid,2026-01-01,Article,0,0,Zhang Y.; Peng X.,Nanjing University of Aeronautics and Astronautics,https://www.scopus.com/inward/record.uri?partnerID=HzOxMe3b&scp=105031603910&origin=inward
Q4_offpolicy_vs_onpolicy,"TITLE-ABS-KEY((""soft actor-critic"" OR SAC OR TD3 OR DDPG OR PPO) AND (""energy management"" OR microgrid OR HEMS)) AND PUBYEAR > 2018 AND LANGUAGE(english) AND (DOCTYPE(ar))",2-s2.0-105030174558,Reinforcement learning-based energy management for sustainable hybrid fixed-wing UAVs,10.1007/s13272-026-00944-4,Ceas Aeronautical Journal,2026-01-01,Article,0,0,d’Apolito F.; Kölbl R.; Gruber-Jaklitsch M.; Sulzbachner C.,Austrian Institute of Technology; FH Joanneum,https://www.scopus.com/inward/record.uri?partnerID=HzOxMe3b&scp=105030174558&origin=inward
Q4_offpolicy_vs_onpolicy,"TITLE-ABS-KEY((""soft actor-critic"" OR SAC OR TD3 OR DDPG OR PPO) AND (""energy management"" OR microgrid OR HEMS)) AND PUBYEAR > 2018 AND LANGUAGE(english) AND (DOCTYPE(ar))",2-s2.0-105033749940,Deep Q-Network-Based Power Management for Emission-Aware Optimization in Port Ship Microgrid Systems,10.1109/TPEL.2026.3676288,IEEE Transactions on Power Electronics,2026-01-01,Article,0,0,Elsisi M.; Ali M.N.,National Kaohsiung University of Science and Technology; Faculty of Engineering at Shoubra,https://www.scopus.com/inward/record.uri?partnerID=HzOxMe3b&scp=105033749940&origin=inward
Q4_offpolicy_vs_onpolicy,"TITLE-ABS-KEY((""soft actor-critic"" OR SAC OR TD3 OR DDPG OR PPO) AND (""energy management"" OR microgrid OR HEMS)) AND PUBYEAR > 2018 AND LANGUAGE(english) AND (DOCTYPE(ar))",2-s2.0-105019645036,Deep reinforcement learning-based energy management strategy for heterogeneous interconnected multi-energy microgrid systems with shared energy storage,10.1016/j.epsr.2025.112375,Electric Power Systems Research,2026-01-01,Article,1,0,Lyu Z.; Hu B.; Wei Z.; Zhou H.; Bao H.; Guo Z.; Xu J.; Shi L.,Hefei University of Technology; China Electric Power Research Institute; Ltd.,https://www.scopus.com/inward/record.uri?partnerID=HzOxMe3b&scp=105019645036&origin=inward
Q4_offpolicy_vs_onpolicy,"TITLE-ABS-KEY((""soft actor-critic"" OR SAC OR TD3 OR DDPG OR PPO) AND (""energy management"" OR microgrid OR HEMS)) AND PUBYEAR > 2018 AND LANGUAGE(english) AND (DOCTYPE(ar))",2-s2.0-105017664492,Toward Ecological Decision-Making on Highways: A Multiobjective Eco-Driving Framework for Connected FCHEVs via Offline-to-Online Reinforcement Learning,10.1109/TTE.2025.3615972,IEEE Transactions on Transportation Electrification,2026-01-01,Article,2,0,Zhou J.; Peng J.; Yu S.; Fan Y.; Zhang H.; Wu D.,Southeast University; North University of China,https://www.scopus.com/inward/record.uri?partnerID=HzOxMe3b&scp=105017664492&origin=inward
Q4_offpolicy_vs_onpolicy,"TITLE-ABS-KEY((""soft actor-critic"" OR SAC OR TD3 OR DDPG OR PPO) AND (""energy management"" OR microgrid OR HEMS)) AND PUBYEAR > 2018 AND LANGUAGE(english) AND (DOCTYPE(ar))",2-s2.0-85216803544,Energy management and optimization for fuel cell vehicles incorporating deep reinforcement learning and traffic light information,10.1177/09544070251313670,Proceedings of the Institution of Mechanical Engineers Part D Journal of Automobile Engineering,2026-01-01,Article,1,0,Zhang Y.; Huo W.; Chen Y.; Li F.; Gong G.,University of Jinan; Beijing Information Science & Technology University,https://www.scopus.com/inward/record.uri?partnerID=HzOxMe3b&scp=85216803544&origin=inward
Q4_offpolicy_vs_onpolicy,"TITLE-ABS-KEY((""soft actor-critic"" OR SAC OR TD3 OR DDPG OR PPO) AND (""energy management"" OR microgrid OR HEMS)) AND PUBYEAR > 2018 AND LANGUAGE(english) AND (DOCTYPE(ar))",2-s2.0-105027973163,Robust Stability Control of Droop-Controlled Mi-crogrids under Worst-Case Parameter Uncertainty via Adversarial Deep Reinforcement Learning,10.1109/TIA.2026.3655665,IEEE Transactions on Industry Applications,2026-01-01,Article,0,0,Chen W.; Wang Y.; Pal B.,Imperial College London; Chongqing University,https://www.scopus.com/inward/record.uri?partnerID=HzOxMe3b&scp=105027973163&origin=inward
Q4_offpolicy_vs_onpolicy,"TITLE-ABS-KEY((""soft actor-critic"" OR SAC OR TD3 OR DDPG OR PPO) AND (""energy management"" OR microgrid OR HEMS)) AND PUBYEAR > 2018 AND LANGUAGE(english) AND (DOCTYPE(ar))",2-s2.0-105033638397,Double Deep Q-Network for Smart Inverters Control in Multi-Microgrid with EV Charging Considering False Data Injection Attacks,10.1109/TIA.2026.3675990,IEEE Transactions on Industry Applications,2026-01-01,Article,0,0,Yang C.M.; Huang P.M.; Su C.L.; Elsisi M.,National Kaohsiung University of Science and Technology; Faculty of Engineering at Shoubra,https://www.scopus.com/inward/record.uri?partnerID=HzOxMe3b&scp=105033638397&origin=inward
Q4_offpolicy_vs_onpolicy,"TITLE-ABS-KEY((""soft actor-critic"" OR SAC OR TD3 OR DDPG OR PPO) AND (""energy management"" OR microgrid OR HEMS)) AND PUBYEAR > 2018 AND LANGUAGE(english) AND (DOCTYPE(ar))",2-s2.0-105034568053,Hierarchical energy management for FCHEV in car-following scenarios with speed prediction,10.1177/09544070261423616,Proceedings of the Institution of Mechanical Engineers Part D Journal of Automobile Engineering,2026-01-01,Article,0,0,Chen S.; Zhang Z.; Zhang J.; Lu Y.; Yu X.; Xuan D.,Wenzhou University,https://www.scopus.com/inward/record.uri?partnerID=HzOxMe3b&scp=105034568053&origin=inward
Q4_offpolicy_vs_onpolicy,"TITLE-ABS-KEY((""soft actor-critic"" OR SAC OR TD3 OR DDPG OR PPO) AND (""energy management"" OR microgrid OR HEMS)) AND PUBYEAR > 2018 AND LANGUAGE(english) AND (DOCTYPE(ar))",2-s2.0-105028602282,LogPPO: A Log-Based Anomaly Detector Aided with Proximal Policy Optimization Algorithms,10.3390/smartcities9010005,Smart Cities,2026-01-01,Article,1,1,Wang Z.; Dong J.; Yang C.,Peking University,https://www.scopus.com/inward/record.uri?partnerID=HzOxMe3b&scp=105028602282&origin=inward
Q4_offpolicy_vs_onpolicy,"TITLE-ABS-KEY((""soft actor-critic"" OR SAC OR TD3 OR DDPG OR PPO) AND (""energy management"" OR microgrid OR HEMS)) AND PUBYEAR > 2018 AND LANGUAGE(english) AND (DOCTYPE(ar))",2-s2.0-105003110245,Energy-Aware Adaptive Obstacle Avoidance Based on Meta-Reinforcement Learning with Segmentation for UAV Trajectory Planning,10.1007/s42405-025-00950-6,International Journal of Aeronautical and Space Sciences,2026-01-01,Article,3,0,Archana T.; Aravind T.; Malini A.H.; Kalaivani C.T.,Saveetha Engineering College,https://www.scopus.com/inward/record.uri?partnerID=HzOxMe3b&scp=105003110245&origin=inward
Q4_offpolicy_vs_onpolicy,"TITLE-ABS-KEY((""soft actor-critic"" OR SAC OR TD3 OR DDPG OR PPO) AND (""energy management"" OR microgrid OR HEMS)) AND PUBYEAR > 2018 AND LANGUAGE(english) AND (DOCTYPE(ar))",2-s2.0-105032351650,Dual-Agent Deep Reinforcement Learning for Low-Carbon Economic Dispatch in Wind-Integrated Microgrids Based on Carbon Emission Flow,10.3390/en19020551,Energies,2026-01-01,Article,0,1,Qiu W.; Ruan H.; Yu X.; Li Y.; Liu Y.; He Z.,Nanjing University of Information Science & Technology; Ltd.,https://www.scopus.com/inward/record.uri?partnerID=HzOxMe3b&scp=105032351650&origin=inward
Q4_offpolicy_vs_onpolicy,"TITLE-ABS-KEY((""soft actor-critic"" OR SAC OR TD3 OR DDPG OR PPO) AND (""energy management"" OR microgrid OR HEMS)) AND PUBYEAR > 2018 AND LANGUAGE(english) AND (DOCTYPE(ar))",2-s2.0-105013771008,Distribution Service Restoration: A Distributionally Robust Reinforcement Learning Approach,10.1109/TSG.2025.3597888,IEEE Transactions on Smart Grid,2026-01-01,Article,0,0,Saeed Fazlhashemi S.; Khodayar M.E.; Khodayar M.; Wang J.,Bobby B. Lyle School of Engineering; TU College of Engineering and Computer Science,https://www.scopus.com/inward/record.uri?partnerID=HzOxMe3b&scp=105013771008&origin=inward
Q4_offpolicy_vs_onpolicy,"TITLE-ABS-KEY((""soft actor-critic"" OR SAC OR TD3 OR DDPG OR PPO) AND (""energy management"" OR microgrid OR HEMS)) AND PUBYEAR > 2018 AND LANGUAGE(english) AND (DOCTYPE(ar))",2-s2.0-105034639364,A Knowledge-Guided Strategy Integrating Reinforcement Learning and Optimization for Hybrid Electric Vehicle Energy Management,10.1109/TTE.2026.3678975,IEEE Transactions on Transportation Electrification,2026-01-01,Article,0,0,Li G.; Hu Y.; Zhu Y.; Du J.; Zhao J.; Sun Y.,Jilin University; Jilin Normal University; GAC Automotive Research and Development Center,https://www.scopus.com/inward/record.uri?partnerID=HzOxMe3b&scp=105034639364&origin=inward
Q4_offpolicy_vs_onpolicy,"TITLE-ABS-KEY((""soft actor-critic"" OR SAC OR TD3 OR DDPG OR PPO) AND (""energy management"" OR microgrid OR HEMS)) AND PUBYEAR > 2018 AND LANGUAGE(english) AND (DOCTYPE(ar))",2-s2.0-105023848032,eGAIT: Multi-Skilled Policy for Energy-Efficient Gait Transitions,10.1109/TASE.2025.3636224,IEEE Transactions on Automation Science and Engineering,2026-01-01,Article,0,0,Stamatopoulou M.; Tan D.; Bendikas R.; Modugno V.; Li Z.; Kanoulas D.,"UCL Engineering; Athena - Research and Innovation Center in Information, Communication and Knowledge Technologies",https://www.scopus.com/inward/record.uri?partnerID=HzOxMe3b&scp=105023848032&origin=inward
Q4_offpolicy_vs_onpolicy,"TITLE-ABS-KEY((""soft actor-critic"" OR SAC OR TD3 OR DDPG OR PPO) AND (""energy management"" OR microgrid OR HEMS)) AND PUBYEAR > 2018 AND LANGUAGE(english) AND (DOCTYPE(ar))",2-s2.0-105023823156,Deep Deterministic Policy Gradient-based optimization of energy management strategy for hydrogen production systems,10.1016/j.energy.2025.139504,Energy,2025-12-30,Article,0,0,Lin G.; Yang J.; Sun H.; Li H.; Liu W.; Zhu Q.,Southwest Jiaotong University; Ltd.,https://www.scopus.com/inward/record.uri?partnerID=HzOxMe3b&scp=105023823156&origin=inward
Q4_offpolicy_vs_onpolicy,"TITLE-ABS-KEY((""soft actor-critic"" OR SAC OR TD3 OR DDPG OR PPO) AND (""energy management"" OR microgrid OR HEMS)) AND PUBYEAR > 2018 AND LANGUAGE(english) AND (DOCTYPE(ar))",2-s2.0-105019042996,Electric vehicle charging and discharging control and microgrid energy management based on single agent deep reinforcement learning,10.1016/j.engappai.2025.112695,Engineering Applications of Artificial Intelligence,2025-12-24,Article,0,0,Guo S.; Wang Y.; Ma K.; Yang J.; Wang Y.,Yanshan University,https://www.scopus.com/inward/record.uri?partnerID=HzOxMe3b&scp=105019042996&origin=inward
Q4_offpolicy_vs_onpolicy,"TITLE-ABS-KEY((""soft actor-critic"" OR SAC OR TD3 OR DDPG OR PPO) AND (""energy management"" OR microgrid OR HEMS)) AND PUBYEAR > 2018 AND LANGUAGE(english) AND (DOCTYPE(ar))",2-s2.0-105013590117,Coordinated operation of multi-energy microgrids considering green hydrogen and congestion management via a safe policy learning approach,10.1016/j.apenergy.2025.126611,Applied Energy,2025-12-15,Article,33,1,Jia X.; Xia Y.; Yan Z.; Gao H.; Qiu D.; Guerrero J.M.; Li Z.,University of Exeter; Aalto University; Universidad de Valladolid; School of Electrical and Electronic Engineering; College of Electrical Engineering,https://www.scopus.com/inward/record.uri?partnerID=HzOxMe3b&scp=105013590117&origin=inward
Q4_offpolicy_vs_onpolicy,"TITLE-ABS-KEY((""soft actor-critic"" OR SAC OR TD3 OR DDPG OR PPO) AND (""energy management"" OR microgrid OR HEMS)) AND PUBYEAR > 2018 AND LANGUAGE(english) AND (DOCTYPE(ar))",2-s2.0-105018850554,UpdatingEMS: An online updating framework for deep reinforcement learning-based energy management of fuel cell hybrid electric bus with integrated transfer learning,10.1016/j.apenergy.2025.126902,Applied Energy,2025-12-15,Article,2,0,Huang R.; He H.,"Beijing Institute of Technology; School of Mechanical Engineering, Beijing Institute of Technology",https://www.scopus.com/inward/record.uri?partnerID=HzOxMe3b&scp=105018850554&origin=inward
Q4_offpolicy_vs_onpolicy,"TITLE-ABS-KEY((""soft actor-critic"" OR SAC OR TD3 OR DDPG OR PPO) AND (""energy management"" OR microgrid OR HEMS)) AND PUBYEAR > 2018 AND LANGUAGE(english) AND (DOCTYPE(ar))",2-s2.0-105022270561,Optimal energy management strategy for multi-stack fuel cell hybrid systems in shunting locomotives based on deep reinforcement learning,10.1016/j.energy.2025.139334,Energy,2025-12-15,Article,0,0,Wang W.; Yang J.; Zhang H.; Wu X.; Xu X.; Zhang J.; Deng P.; Hu H.,Southwest Jiaotong University; Xihua University; Ltd.,https://www.scopus.com/inward/record.uri?partnerID=HzOxMe3b&scp=105022270561&origin=inward
Q4_offpolicy_vs_onpolicy,"TITLE-ABS-KEY((""soft actor-critic"" OR SAC OR TD3 OR DDPG OR PPO) AND (""energy management"" OR microgrid OR HEMS)) AND PUBYEAR > 2018 AND LANGUAGE(english) AND (DOCTYPE(ar))",2-s2.0-105015136085,Degradation-based predictive energy management for intelligent fuel cell hybrid electric vehicles with a novel deep reinforcement learning architecture,10.1016/j.engappai.2025.112222,Engineering Applications of Artificial Intelligence,2025-12-09,Article,5,1,Nie Z.; Shi Z.; Lian Y.; Song H.,Kunming University of Science and Technology; Changchun University of Technology,https://www.scopus.com/inward/record.uri?partnerID=HzOxMe3b&scp=105015136085&origin=inward
Q4_offpolicy_vs_onpolicy,"TITLE-ABS-KEY((""soft actor-critic"" OR SAC OR TD3 OR DDPG OR PPO) AND (""energy management"" OR microgrid OR HEMS)) AND PUBYEAR > 2018 AND LANGUAGE(english) AND (DOCTYPE(ar))",2-s2.0-105026256013,COGEniX: an industrial informatics framework for cognitive energy forecasting and carbon-aware scheduling in smart zones,10.1038/s41598-025-29397-1,Scientific Reports,2025-12-01,Article,0,1,Al Mazroa A.,Princess Nourah Bint Abdulrahman University,https://www.scopus.com/inward/record.uri?partnerID=HzOxMe3b&scp=105026256013&origin=inward
Q4_offpolicy_vs_onpolicy,"TITLE-ABS-KEY((""soft actor-critic"" OR SAC OR TD3 OR DDPG OR PPO) AND (""energy management"" OR microgrid OR HEMS)) AND PUBYEAR > 2018 AND LANGUAGE(english) AND (DOCTYPE(ar))",2-s2.0-85210599496,A deep reinforcement learning based EMS for PHEV considering temperature equilibrium of battery modules,10.1177/09544070241300207,Proceedings of the Institution of Mechanical Engineers Part D Journal of Automobile Engineering,2025-12-01,Article,2,0,Zhou J.; Zhang Y.; Wang C.; Zhao W.,Nanjing University of Aeronautics and Astronautics,https://www.scopus.com/inward/record.uri?partnerID=HzOxMe3b&scp=85210599496&origin=inward
Q4_offpolicy_vs_onpolicy,"TITLE-ABS-KEY((""soft actor-critic"" OR SAC OR TD3 OR DDPG OR PPO) AND (""energy management"" OR microgrid OR HEMS)) AND PUBYEAR > 2018 AND LANGUAGE(english) AND (DOCTYPE(ar))",2-s2.0-105024780782,Optimizing thermoelectric energy harvesting using deep reinforcement learning for dynamic energy management and system efficiency,10.1038/s41598-025-27210-7,Scientific Reports,2025-12-01,Article,1,1,Chaudhari C.N.; Rtamanyu N.J.; Shreya Kunda N.S.; Pranave K.C.; Pandey M.; Sruthi S.; Khanna M.,"Amrita Vishwa Vidyapeetham University, Bangalore",https://www.scopus.com/inward/record.uri?partnerID=HzOxMe3b&scp=105024780782&origin=inward
Q4_offpolicy_vs_onpolicy,"TITLE-ABS-KEY((""soft actor-critic"" OR SAC OR TD3 OR DDPG OR PPO) AND (""energy management"" OR microgrid OR HEMS)) AND PUBYEAR > 2018 AND LANGUAGE(english) AND (DOCTYPE(ar))",2-s2.0-105021996584,Joint optimization of charging station selection and dynamic charging price: A predictive deep reinforcement learning approach,10.1016/j.segan.2025.102050,Sustainable Energy Grids and Networks,2025-12-01,Article,0,1,Peyravi M.; Kalantar M.; Eskandari A.; Dost D.M.,Iran University of Science and Technology,https://www.scopus.com/inward/record.uri?partnerID=HzOxMe3b&scp=105021996584&origin=inward
Q4_offpolicy_vs_onpolicy,"TITLE-ABS-KEY((""soft actor-critic"" OR SAC OR TD3 OR DDPG OR PPO) AND (""energy management"" OR microgrid OR HEMS)) AND PUBYEAR > 2018 AND LANGUAGE(english) AND (DOCTYPE(ar))",2-s2.0-105018123769,Reinforcement learning based multi-agent system for smart microgrid,10.1016/j.jnca.2025.104339,Journal of Network and Computer Applications,2025-12-01,Article,2,1,Singh N.; Gupta K.; Singh A.K.; Nallagownden P.; Elamvazuthi I.,Helsingin Yliopisto; National Sun Yat-Sen University; Universiti Teknologi PETRONAS; Indian Institute of Information Technology Bhopal,https://www.scopus.com/inward/record.uri?partnerID=HzOxMe3b&scp=105018123769&origin=inward
Q4_offpolicy_vs_onpolicy,"TITLE-ABS-KEY((""soft actor-critic"" OR SAC OR TD3 OR DDPG OR PPO) AND (""energy management"" OR microgrid OR HEMS)) AND PUBYEAR > 2018 AND LANGUAGE(english) AND (DOCTYPE(ar))",2-s2.0-105014279541,Enhanced energy management and cyber-resilience of integrated energy systems based on optimal energy storage system and demand response: A deep reinforcement learning approach,10.1016/j.compeleceng.2025.110657,Computers and Electrical Engineering,2025-12-01,Article,2,0,Moridi A.; Sharifi R.; Doagou-Mojarrad H.; Olamaei J.,"Islamic Azad University; Islamic Azad University, South Tehran Branch; Islamic Azad University, East Tehran Branch; Islamic Azad University, West Tehran Branch",https://www.scopus.com/inward/record.uri?partnerID=HzOxMe3b&scp=105014279541&origin=inward
Q4_offpolicy_vs_onpolicy,"TITLE-ABS-KEY((""soft actor-critic"" OR SAC OR TD3 OR DDPG OR PPO) AND (""energy management"" OR microgrid OR HEMS)) AND PUBYEAR > 2018 AND LANGUAGE(english) AND (DOCTYPE(ar))",2-s2.0-105024213266,Multi-critic and transformer-enhanced optimization dispatch for energy management systems,10.1016/j.seta.2025.104734,Sustainable Energy Technologies and Assessments,2025-12-01,Article,0,0,Chao W.; Shi Y.; He Q.; Chen J.; Zheng K.,Zhejiang University; Dalian University of Technology; Northeastern University; Liaoning Petrochemical University,https://www.scopus.com/inward/record.uri?partnerID=HzOxMe3b&scp=105024213266&origin=inward
Q4_offpolicy_vs_onpolicy,"TITLE-ABS-KEY((""soft actor-critic"" OR SAC OR TD3 OR DDPG OR PPO) AND (""energy management"" OR microgrid OR HEMS)) AND PUBYEAR > 2018 AND LANGUAGE(english) AND (DOCTYPE(ar))",2-s2.0-105018747125,An integrated scheduling and optimization approach for photovoltaic-storage systems using deep reinforcement learning,10.1007/s00521-025-11647-y,Neural Computing and Applications,2025-12-01,Article,1,0,Yang Z.,South China Normal University,https://www.scopus.com/inward/record.uri?partnerID=HzOxMe3b&scp=105018747125&origin=inward
Q4_offpolicy_vs_onpolicy,"TITLE-ABS-KEY((""soft actor-critic"" OR SAC OR TD3 OR DDPG OR PPO) AND (""energy management"" OR microgrid OR HEMS)) AND PUBYEAR > 2018 AND LANGUAGE(english) AND (DOCTYPE(ar))",2-s2.0-105024309893,Optimizing green port operations with reinforcement learning and model predictive control,10.1016/j.ijepes.2025.111437,International Journal of Electrical Power and Energy Systems,2025-12-01,Article,0,1,Conte F.; Natrella G.; Sasso D.; Silvestro F.; D'Agostino F.; D'Antoni F.; Merone M.,Università degli Studi di Genova; Università Campus Bio-Medico di Roma; Fondazione Policlinico Universitario Campus Bio-Medico,https://www.scopus.com/inward/record.uri?partnerID=HzOxMe3b&scp=105024309893&origin=inward
Q4_offpolicy_vs_onpolicy,"TITLE-ABS-KEY((""soft actor-critic"" OR SAC OR TD3 OR DDPG OR PPO) AND (""energy management"" OR microgrid OR HEMS)) AND PUBYEAR > 2018 AND LANGUAGE(english) AND (DOCTYPE(ar))",2-s2.0-105026633132,DRONE SWARM ENERGY MANAGEMENT,10.15421/142520,Journal of Optimization Differential Equations and their Applications,2025-12-01,Article,0,1,Zgurovsky M.Z.; Kasyanov P.O.; Paliichuk L.S.,Institute for Applied System Analysis,https://www.scopus.com/inward/record.uri?partnerID=HzOxMe3b&scp=105026633132&origin=inward
Q4_offpolicy_vs_onpolicy,"TITLE-ABS-KEY((""soft actor-critic"" OR SAC OR TD3 OR DDPG OR PPO) AND (""energy management"" OR microgrid OR HEMS)) AND PUBYEAR > 2018 AND LANGUAGE(english) AND (DOCTYPE(ar))",2-s2.0-105003167772,Research on intelligent energy management strategies for connected range-extended electric vehicles based on multi-source information,10.1038/s41598-025-97955-8,Scientific Reports,2025-12-01,Article,5,1,Zhai X.; Liu H.; Sun W.; Su Z.,Transportation College of Jilin University,https://www.scopus.com/inward/record.uri?partnerID=HzOxMe3b&scp=105003167772&origin=inward
Q4_offpolicy_vs_onpolicy,"TITLE-ABS-KEY((""soft actor-critic"" OR SAC OR TD3 OR DDPG OR PPO) AND (""energy management"" OR microgrid OR HEMS)) AND PUBYEAR > 2018 AND LANGUAGE(english) AND (DOCTYPE(ar))",2-s2.0-105017430156,Benchmarking deep reinforcement learning for SOC-adaptive energy management in range-extended electric vehicle,10.1016/j.est.2025.118552,Journal of Energy Storage,2025-12-01,Article,1,0,Lu X.; Yao D.; Huang K.; Shen J.; Zeng F.; Wang X.; Wu F.,"College of Energy Engineering, Zhejiang University",https://www.scopus.com/inward/record.uri?partnerID=HzOxMe3b&scp=105017430156&origin=inward
Q4_offpolicy_vs_onpolicy,"TITLE-ABS-KEY((""soft actor-critic"" OR SAC OR TD3 OR DDPG OR PPO) AND (""energy management"" OR microgrid OR HEMS)) AND PUBYEAR > 2018 AND LANGUAGE(english) AND (DOCTYPE(ar))",2-s2.0-105018117456,Triad of three system: AI-driven hydraulics for autonomous electric excavators with sustainable energy savings,10.1016/j.autcon.2025.106543,Automation in Construction,2025-12-01,Article,1,0,Nguyen V.H.; Ahn K.K.,University of Ulsan,https://www.scopus.com/inward/record.uri?partnerID=HzOxMe3b&scp=105018117456&origin=inward
Q4_offpolicy_vs_onpolicy,"TITLE-ABS-KEY((""soft actor-critic"" OR SAC OR TD3 OR DDPG OR PPO) AND (""energy management"" OR microgrid OR HEMS)) AND PUBYEAR > 2018 AND LANGUAGE(english) AND (DOCTYPE(ar))",2-s2.0-105024556078,A Physics-Informed Reinforcement Learning Framework for HVAC Optimization: Thermodynamically-Constrained Deep Deterministic Policy Gradients with Simulation-Based Validation,10.3390/en18236310,Energies,2025-12-01,Article,1,1,Hedayat S.; Ziarati T.; Manganelli M.,Sapienza Università di Roma; ENEA Centro Ricerche Bologna,https://www.scopus.com/inward/record.uri?partnerID=HzOxMe3b&scp=105024556078&origin=inward
Q4_offpolicy_vs_onpolicy,"TITLE-ABS-KEY((""soft actor-critic"" OR SAC OR TD3 OR DDPG OR PPO) AND (""energy management"" OR microgrid OR HEMS)) AND PUBYEAR > 2018 AND LANGUAGE(english) AND (DOCTYPE(ar))",2-s2.0-105024705928,Reinforcement Learning-Based Energy Management in Community Microgrids: A Comparative Study,10.3390/su172310696,Sustainability Switzerland,2025-12-01,Article,1,1,Moga O.N.; Florea A.; Solea C.; Vintan M.,Universitatea Lucian Blaga din Sibiu,https://www.scopus.com/inward/record.uri?partnerID=HzOxMe3b&scp=105024705928&origin=inward
Q4_offpolicy_vs_onpolicy,"TITLE-ABS-KEY((""soft actor-critic"" OR SAC OR TD3 OR DDPG OR PPO) AND (""energy management"" OR microgrid OR HEMS)) AND PUBYEAR > 2018 AND LANGUAGE(english) AND (DOCTYPE(ar))",2-s2.0-105011502935,Deep reinforcement learning-based control of thermal energy storage for university classrooms: Co-Simulation with TRNSYS-Python and transfer learning across operational scenarios,10.1016/j.egyr.2025.07.003,Energy Reports,2025-12-01,Article,5,1,Buscemi G.; Cuomo F.P.; Razzano G.; Cappiello F.L.; Brandi S.,Università degli Studi di Napoli Federico II; Politecnico di Torino,https://www.scopus.com/inward/record.uri?partnerID=HzOxMe3b&scp=105011502935&origin=inward
Q4_offpolicy_vs_onpolicy,"TITLE-ABS-KEY((""soft actor-critic"" OR SAC OR TD3 OR DDPG OR PPO) AND (""energy management"" OR microgrid OR HEMS)) AND PUBYEAR > 2018 AND LANGUAGE(english) AND (DOCTYPE(ar))",2-s2.0-105024685589,Enhanced twin delayed DDPG with prioritized experience replay and Noisy Nets for regional economic dispatch,10.1038/s41598-025-27320-2,Scientific Reports,2025-12-01,Article,2,1,Xu C.; Hayashi N.; Inuiguchi M.; Raymond W.J.K.; Mokhlis H.; Illias H.A.,The University of Osaka; Universiti Malaya,https://www.scopus.com/inward/record.uri?partnerID=HzOxMe3b&scp=105024685589&origin=inward
Q4_offpolicy_vs_onpolicy,"TITLE-ABS-KEY((""soft actor-critic"" OR SAC OR TD3 OR DDPG OR PPO) AND (""energy management"" OR microgrid OR HEMS)) AND PUBYEAR > 2018 AND LANGUAGE(english) AND (DOCTYPE(ar))",2-s2.0-105026297910,Foresighted multi-algorithm energy scheduling management strategy for smart homes under dynamic electricity pricing,10.1007/s43621-025-02328-w,Discover Sustainability,2025-12-01,Article,0,1,Zhao X.; Ying X.; Qian F.; Zhang T.; Yin W.,Shanghai University of Electric Power; Hangzhou City University; Zhejiang Shuren University; The University of Kitakyushu; China Power Engineering Consulting Group,https://www.scopus.com/inward/record.uri?partnerID=HzOxMe3b&scp=105026297910&origin=inward
Q4_offpolicy_vs_onpolicy,"TITLE-ABS-KEY((""soft actor-critic"" OR SAC OR TD3 OR DDPG OR PPO) AND (""energy management"" OR microgrid OR HEMS)) AND PUBYEAR > 2018 AND LANGUAGE(english) AND (DOCTYPE(ar))",2-s2.0-105017626630,Energy management strategy for a hybrid six-stack fuel cell vehicle based on DDPG,10.1016/j.energy.2025.138606,Energy,2025-11-15,Article,4,0,Yuan X.; Ma Z.; Wen S.; Liu X.; Su C.; Wang Y.,Wuhan University of Technology,https://www.scopus.com/inward/record.uri?partnerID=HzOxMe3b&scp=105017626630&origin=inward
Q4_offpolicy_vs_onpolicy,"TITLE-ABS-KEY((""soft actor-critic"" OR SAC OR TD3 OR DDPG OR PPO) AND (""energy management"" OR microgrid OR HEMS)) AND PUBYEAR > 2018 AND LANGUAGE(english) AND (DOCTYPE(ar))",2-s2.0-105016579114,Cooperative energy management and fuel cell thermal management of fuel cell hybrid electric buses via multi-agent reinforcement learning,10.1016/j.energy.2025.138534,Energy,2025-11-15,Article,4,0,Gao S.; Ju F.; Zhuang W.; Wang Q.; Zong Y.; Wang L.,Southeast University; The Hong Kong Polytechnic University; Nanjing University of Science and Technology; Nanjing Forestry University,https://www.scopus.com/inward/record.uri?partnerID=HzOxMe3b&scp=105016579114&origin=inward
Q4_offpolicy_vs_onpolicy,"TITLE-ABS-KEY((""soft actor-critic"" OR SAC OR TD3 OR DDPG OR PPO) AND (""energy management"" OR microgrid OR HEMS)) AND PUBYEAR > 2018 AND LANGUAGE(english) AND (DOCTYPE(ar))",2-s2.0-105012944233,Deep reinforcement learning-based energy management strategy for optimizing fuel efficiency and battery life in hybrid mining dump trucks: A comparative study,10.1016/j.jpowsour.2025.238077,Journal of Power Sources,2025-11-15,Article,1,0,Wang Y.; Bian Y.; Hu M.; Tang Q.; Yang Z.,Hunan University,https://www.scopus.com/inward/record.uri?partnerID=HzOxMe3b&scp=105012944233&origin=inward
Q4_offpolicy_vs_onpolicy,"TITLE-ABS-KEY((""soft actor-critic"" OR SAC OR TD3 OR DDPG OR PPO) AND (""energy management"" OR microgrid OR HEMS)) AND PUBYEAR > 2018 AND LANGUAGE(english) AND (DOCTYPE(ar))",2-s2.0-105019081810,Machine learning-enhanced coordination of home-microgrids for resource compensation in large-scale energy systems,10.1016/j.scs.2025.106744,Sustainable Cities and Society,2025-11-15,Article,5,1,Neda O.M.; Adabi J.; Gholinezhadomran H.; Marzband M.,"Babol Noshirvani University of Technology; Faculty of Engineering, King Abdulaziz University; Center of Research Excellence in Renewable Energy and Power Systems",https://www.scopus.com/inward/record.uri?partnerID=HzOxMe3b&scp=105019081810&origin=inward
Q4_offpolicy_vs_onpolicy,"TITLE-ABS-KEY((""soft actor-critic"" OR SAC OR TD3 OR DDPG OR PPO) AND (""energy management"" OR microgrid OR HEMS)) AND PUBYEAR > 2018 AND LANGUAGE(english) AND (DOCTYPE(ar))",2-s2.0-105007706205,"An intelligent control strategy considering power balance, operating-costs and user-demands in multi-microgrids with V2G",10.1016/j.epsr.2025.111884,Electric Power Systems Research,2025-11-01,Article,2,0,Tahmeed U.; Fan P.; Yang J.; Wen Y.; Ke S.,Wuhan University; The Hong Kong Polytechnic University; China Southern Power Gridcsg Electric Power Research Institute,https://www.scopus.com/inward/record.uri?partnerID=HzOxMe3b&scp=105007706205&origin=inward
Q4_offpolicy_vs_onpolicy,"TITLE-ABS-KEY((""soft actor-critic"" OR SAC OR TD3 OR DDPG OR PPO) AND (""energy management"" OR microgrid OR HEMS)) AND PUBYEAR > 2018 AND LANGUAGE(english) AND (DOCTYPE(ar))",2-s2.0-105023124572,A Hybrid Strategy Integrating Artificial Neural Networks for Enhanced Energy Production Optimization,10.3390/en18225941,Energies,2025-11-01,Article,1,1,Lachheb A.; Akoubi N.; Ben Salem J.; El Amraoui L.; BaQais A.,"Princess Nourah Bint Abdulrahman University; University of Carthage, Ecole Nationale d'Ingenieurs de Carthage",https://www.scopus.com/inward/record.uri?partnerID=HzOxMe3b&scp=105023124572&origin=inward
Q4_offpolicy_vs_onpolicy,"TITLE-ABS-KEY((""soft actor-critic"" OR SAC OR TD3 OR DDPG OR PPO) AND (""energy management"" OR microgrid OR HEMS)) AND PUBYEAR > 2018 AND LANGUAGE(english) AND (DOCTYPE(ar))",2-s2.0-105023206756,Proactive Energy Management for Fuel Cell Hybrid Vehicles: An Expert-Guided Slope-Aware Deep Reinforcement Learning Approach,10.3390/en18226054,Energies,2025-11-01,Article,1,1,Zeng S.; He H.; Wu J.,"School of Mechanical Engineering, Beijing Institute of Technology; Zhengzhou Yutong Bus Co., Ltd.",https://www.scopus.com/inward/record.uri?partnerID=HzOxMe3b&scp=105023206756&origin=inward
Q4_offpolicy_vs_onpolicy,"TITLE-ABS-KEY((""soft actor-critic"" OR SAC OR TD3 OR DDPG OR PPO) AND (""energy management"" OR microgrid OR HEMS)) AND PUBYEAR > 2018 AND LANGUAGE(english) AND (DOCTYPE(ar))",2-s2.0-105015389116,Durability-enhanced decision-making with style awareness for autonomous hydrogen fuel cell vehicle based on integrated reinforcement learning approaches,10.1016/j.energy.2025.138314,Energy,2025-11-01,Article,5,0,Yu S.; Peng J.; Zhou J.; Ren T.; Wu J.; Fan Y.,"Southeast University; School of Mechanical Engineering, Beijing Institute of Technology",https://www.scopus.com/inward/record.uri?partnerID=HzOxMe3b&scp=105015389116&origin=inward
Q4_offpolicy_vs_onpolicy,"TITLE-ABS-KEY((""soft actor-critic"" OR SAC OR TD3 OR DDPG OR PPO) AND (""energy management"" OR microgrid OR HEMS)) AND PUBYEAR > 2018 AND LANGUAGE(english) AND (DOCTYPE(ar))",2-s2.0-105020982528,Energy management strategy optimization of fuel cell vehicles based on long-term and short-term hydrogen consumption prediction,10.1016/j.seta.2025.104650,Sustainable Energy Technologies and Assessments,2025-11-01,Article,2,0,Hu D.; Xu Y.; Huang J.; Lu D.; Wang J.; Li J.,"Jiangsu University; School of Mechanical Engineering, Beijing Institute of Technology",https://www.scopus.com/inward/record.uri?partnerID=HzOxMe3b&scp=105020982528&origin=inward
Q4_offpolicy_vs_onpolicy,"TITLE-ABS-KEY((""soft actor-critic"" OR SAC OR TD3 OR DDPG OR PPO) AND (""energy management"" OR microgrid OR HEMS)) AND PUBYEAR > 2018 AND LANGUAGE(english) AND (DOCTYPE(ar))",2-s2.0-105007315381,Energy Management Strategy for Plug-in Hybrid Electric Vehicles Based on Twin Delayed Deep Deterministic Policy Gradient Algorithm and Condition Recognition,10.1002/ente.202500482,Energy Technology,2025-11-01,Article,0,0,Guo J.; Wang Y.; Chen J.; Li H.; Gui A.,Xi'an Jiaotong University,https://www.scopus.com/inward/record.uri?partnerID=HzOxMe3b&scp=105007315381&origin=inward
Q4_offpolicy_vs_onpolicy,"TITLE-ABS-KEY((""soft actor-critic"" OR SAC OR TD3 OR DDPG OR PPO) AND (""energy management"" OR microgrid OR HEMS)) AND PUBYEAR > 2018 AND LANGUAGE(english) AND (DOCTYPE(ar))",2-s2.0-105017005111,An integrated energy management strategy for plug-in hybrid electric buses based on receding horizon control and TD3 algorithm,10.1016/j.ijepes.2025.111103,International Journal of Electrical Power and Energy Systems,2025-11-01,Article,0,1,Du Y.; Zhang T.; Cui W.; Cui N.,Shandong University; Queen's University Belfast; Lanzhou Jiaotong University,https://www.scopus.com/inward/record.uri?partnerID=HzOxMe3b&scp=105017005111&origin=inward
Q4_offpolicy_vs_onpolicy,"TITLE-ABS-KEY((""soft actor-critic"" OR SAC OR TD3 OR DDPG OR PPO) AND (""energy management"" OR microgrid OR HEMS)) AND PUBYEAR > 2018 AND LANGUAGE(english) AND (DOCTYPE(ar))",2-s2.0-105010140365,Adaptive cruise control and energy management for fuel cell electric bus based on multi-agent reinforcement learning,10.1016/j.jpowsour.2025.237852,Journal of Power Sources,2025-10-30,Article,6,0,Cao Y.; Song R.; Wei Z.; Lie T.T.; Hasanien H.M.,"Auckland University of Technology; School of Mechanical Engineering, Beijing Institute of Technology; Faculty of Engineering, Ain Shams University",https://www.scopus.com/inward/record.uri?partnerID=HzOxMe3b&scp=105010140365&origin=inward
Q4_offpolicy_vs_onpolicy,"TITLE-ABS-KEY((""soft actor-critic"" OR SAC OR TD3 OR DDPG OR PPO) AND (""energy management"" OR microgrid OR HEMS)) AND PUBYEAR > 2018 AND LANGUAGE(english) AND (DOCTYPE(ar))",2-s2.0-105015063431,Robust optimization-based energy management for dual-APUs heavy-duty hybrid electric vehicles using intention-aware prediction and curiosity-driven control,10.1016/j.energy.2025.138323,Energy,2025-10-30,Article,0,0,Sun W.; Zhang D.; Zou Y.; Zhang X.; Li Y.; Zhang J.; Du G.,"Beijing Institute of Technology; National Engineering Laboratory for Electric Vehicles, Beijing Institute of Technology",https://www.scopus.com/inward/record.uri?partnerID=HzOxMe3b&scp=105015063431&origin=inward
Q4_offpolicy_vs_onpolicy,"TITLE-ABS-KEY((""soft actor-critic"" OR SAC OR TD3 OR DDPG OR PPO) AND (""energy management"" OR microgrid OR HEMS)) AND PUBYEAR > 2018 AND LANGUAGE(english) AND (DOCTYPE(ar))",2-s2.0-105013116273,Evolutionary integrated thermal and energy management strategy based on reinforcement learning for distributed four-wheel drive electric vehicles,10.1016/j.energy.2025.138036,Energy,2025-10-30,Article,2,0,Wu C.; Peng J.; Guo X.; Jia Y.; Cao G.,Southeast University; Ltd,https://www.scopus.com/inward/record.uri?partnerID=HzOxMe3b&scp=105013116273&origin=inward
Q4_offpolicy_vs_onpolicy,"TITLE-ABS-KEY((""soft actor-critic"" OR SAC OR TD3 OR DDPG OR PPO) AND (""energy management"" OR microgrid OR HEMS)) AND PUBYEAR > 2018 AND LANGUAGE(english) AND (DOCTYPE(ar))",2-s2.0-105014530662,Continuous learning energy management strategy design based on EWC-DDPG for electric vehicles,10.1016/j.energy.2025.138158,Energy,2025-10-30,Article,2,0,Ruan J.; Xia J.; Hu J.; Wan H.; Li Y.; Qin Y.,Beijing University of Technology; Ltd.,https://www.scopus.com/inward/record.uri?partnerID=HzOxMe3b&scp=105014530662&origin=inward
Q4_offpolicy_vs_onpolicy,"TITLE-ABS-KEY((""soft actor-critic"" OR SAC OR TD3 OR DDPG OR PPO) AND (""energy management"" OR microgrid OR HEMS)) AND PUBYEAR > 2018 AND LANGUAGE(english) AND (DOCTYPE(ar))",2-s2.0-105012483194,Enhancing self-consumption ratio in a smart microgrid by applying a reinforcement learning-based energy management system,10.1016/j.energy.2025.137892,Energy,2025-10-30,Article,5,0,Hajialigol P.; Nweye K.; Aghaei M.; Najafi B.; Moazami A.; Nagy Z.,Norges Teknisk-Naturvitenskapelige Universitet; Politecnico di Milano; Cockrell School of Engineering,https://www.scopus.com/inward/record.uri?partnerID=HzOxMe3b&scp=105012483194&origin=inward
Q4_offpolicy_vs_onpolicy,"TITLE-ABS-KEY((""soft actor-critic"" OR SAC OR TD3 OR DDPG OR PPO) AND (""energy management"" OR microgrid OR HEMS)) AND PUBYEAR > 2018 AND LANGUAGE(english) AND (DOCTYPE(ar))",2-s2.0-105008346994,Coordinated deep policy learning for frequency-Constrained energy management for second-to-second energy balancing of microgrids,10.1016/j.engappai.2025.111479,Engineering Applications of Artificial Intelligence,2025-10-22,Article,0,0,Parhizkar K.; Yousefi B.; Rezvani M.; Shirazi A.N.,Islamic Azad University,https://www.scopus.com/inward/record.uri?partnerID=HzOxMe3b&scp=105008346994&origin=inward
Q4_offpolicy_vs_onpolicy,"TITLE-ABS-KEY((""soft actor-critic"" OR SAC OR TD3 OR DDPG OR PPO) AND (""energy management"" OR microgrid OR HEMS)) AND PUBYEAR > 2018 AND LANGUAGE(english) AND (DOCTYPE(ar))",2-s2.0-105018308856,Physics-shielded deep reinforcement learning for safe energy management of microgrids with battery health consideration,10.1016/j.jfranklin.2025.108112,Journal of the Franklin Institute,2025-10-15,Article,2,0,Yang J.; Du S.; Chen P.; Liu S.; Chen B.,Zhejiang University of Technology; Zhejiang Key Laboratory of Intelligent Perception and Control for Complex Systems,https://www.scopus.com/inward/record.uri?partnerID=HzOxMe3b&scp=105018308856&origin=inward
Q4_offpolicy_vs_onpolicy,"TITLE-ABS-KEY((""soft actor-critic"" OR SAC OR TD3 OR DDPG OR PPO) AND (""energy management"" OR microgrid OR HEMS)) AND PUBYEAR > 2018 AND LANGUAGE(english) AND (DOCTYPE(ar))",2-s2.0-105006671788,EOLD: A reinforcement learning-based energy-optimised load disaggregation framework for demand-side energy management,10.1016/j.renene.2025.123536,Renewable Energy,2025-10-15,Article,8,0,Wei Y.; Fan J.; Meng Q.; Debnath K.B.; Yang Y.; Liu J.; Lei Y.,University of Technology Sydney; Chang'an University; China Construction Third Engineering Bureau Installation Engineering Co. Ltd,https://www.scopus.com/inward/record.uri?partnerID=HzOxMe3b&scp=105006671788&origin=inward
Q4_offpolicy_vs_onpolicy,"TITLE-ABS-KEY((""soft actor-critic"" OR SAC OR TD3 OR DDPG OR PPO) AND (""energy management"" OR microgrid OR HEMS)) AND PUBYEAR > 2018 AND LANGUAGE(english) AND (DOCTYPE(ar))",2-s2.0-105011597928,Hierarchical optimization of SAC-driven speed planning and energy management in intelligent fuel cell hybrid vehicle platoons under complex traffic environments,10.1016/j.energy.2025.137625,Energy,2025-10-15,Article,6,0,Nie Z.; Song H.; Lian Y.; Shi Z.,Kunming University of Science and Technology; Changchun University of Technology,https://www.scopus.com/inward/record.uri?partnerID=HzOxMe3b&scp=105011597928&origin=inward
Q4_offpolicy_vs_onpolicy,"TITLE-ABS-KEY((""soft actor-critic"" OR SAC OR TD3 OR DDPG OR PPO) AND (""energy management"" OR microgrid OR HEMS)) AND PUBYEAR > 2018 AND LANGUAGE(english) AND (DOCTYPE(ar))",2-s2.0-105012125079,A novel energy management strategy for hybrid electric vehicles using deep reinforcement incentive learning,10.1016/j.energy.2025.137594,Energy,2025-10-15,Article,3,0,Yazar O.; Coskun S.; Zhang F.; Li L.; Huang C.; Mei P.; Karimi H.R.,"Beihang University; Politecnico di Milano; Chang'an University; Nantong University; Yozgat Bozok University; Tarsus University; Geely Automobile Research Institute (Ningbo) Co., Ltd.",https://www.scopus.com/inward/record.uri?partnerID=HzOxMe3b&scp=105012125079&origin=inward
Q4_offpolicy_vs_onpolicy,"TITLE-ABS-KEY((""soft actor-critic"" OR SAC OR TD3 OR DDPG OR PPO) AND (""energy management"" OR microgrid OR HEMS)) AND PUBYEAR > 2018 AND LANGUAGE(english) AND (DOCTYPE(ar))",2-s2.0-105007634796,Health- and behavior-aware energy management strategy for fuel cell hybrid electric vehicles based on parallel deep deterministic policy gradient learning,10.1016/j.engappai.2025.111311,Engineering Applications of Artificial Intelligence,2025-10-15,Article,7,0,Sun H.; Li J.; Cheng C.; Shi S.; Wang J.; Lin J.; Liu Y.,Henan Mechanical and Electrical Vocational College; Zhengzhou Engineering Research Center for Visual Intelligence,https://www.scopus.com/inward/record.uri?partnerID=HzOxMe3b&scp=105007634796&origin=inward
Q4_offpolicy_vs_onpolicy,"TITLE-ABS-KEY((""soft actor-critic"" OR SAC OR TD3 OR DDPG OR PPO) AND (""energy management"" OR microgrid OR HEMS)) AND PUBYEAR > 2018 AND LANGUAGE(english) AND (DOCTYPE(ar))",2-s2.0-105020294195,An Energy Management Strategy for FCHEVs Using Deep Reinforcement Learning with Thermal Runaway Fault Diagnosis Considering the Thermal Effects and Durability,10.3390/machines13100962,Machines,2025-10-01,Article,1,1,Wang Y.; Tao F.; Zhu L.; Wang N.; Fu Z.,Henan University of Science and Technology; Zhongyuan University of Technology,https://www.scopus.com/inward/record.uri?partnerID=HzOxMe3b&scp=105020294195&origin=inward
Q4_offpolicy_vs_onpolicy,"TITLE-ABS-KEY((""soft actor-critic"" OR SAC OR TD3 OR DDPG OR PPO) AND (""energy management"" OR microgrid OR HEMS)) AND PUBYEAR > 2018 AND LANGUAGE(english) AND (DOCTYPE(ar))",2-s2.0-105006982698,Hierarchical energy management strategy for fuel cell hybrid electric vehicles based on improved TD3 considering interior temperature comfort,10.1016/j.applthermaleng.2025.126965,Applied Thermal Engineering,2025-10-01,Article,4,0,Zhang J.; Liu B.; Zhou Y.; Huang X.; Chen S.; Xuan D.,Wenzhou University; Ltd.,https://www.scopus.com/inward/record.uri?partnerID=HzOxMe3b&scp=105006982698&origin=inward
Q4_offpolicy_vs_onpolicy,"TITLE-ABS-KEY((""soft actor-critic"" OR SAC OR TD3 OR DDPG OR PPO) AND (""energy management"" OR microgrid OR HEMS)) AND PUBYEAR > 2018 AND LANGUAGE(english) AND (DOCTYPE(ar))",2-s2.0-105020158025,Physics-Aware Reinforcement Learning for Flexibility Management in PV-Based Multi-Energy Microgrids Under Integrated Operational Constraints,10.3390/en18205465,Energies,2025-10-01,Article,2,1,Dong S.; Yao W.; Li Z.; Zhao H.; Zhang Y.; Tan Z.,North China Electric Power University; State Grid Corporation of China; State Grid Dispatching Control Center,https://www.scopus.com/inward/record.uri?partnerID=HzOxMe3b&scp=105020158025&origin=inward
Q4_offpolicy_vs_onpolicy,"TITLE-ABS-KEY((""soft actor-critic"" OR SAC OR TD3 OR DDPG OR PPO) AND (""energy management"" OR microgrid OR HEMS)) AND PUBYEAR > 2018 AND LANGUAGE(english) AND (DOCTYPE(ar))",2-s2.0-105018859541,Minimally Invasive Design and Energy Efficiency Evaluation of Photovoltaic–Energy Storage–Direct Current–Flexible Systems in Low-Carbon Retrofitting of Existing Buildings,10.3390/buildings15193599,Buildings,2025-10-01,Article,0,1,Jia C.; Yang L.; Jin W.; Zhao J.; Zhang C.; Li Y.,China University of Mining and Technology; Jiangsu Vocational Institute of Architectural Technology,https://www.scopus.com/inward/record.uri?partnerID=HzOxMe3b&scp=105018859541&origin=inward
Q4_offpolicy_vs_onpolicy,"TITLE-ABS-KEY((""soft actor-critic"" OR SAC OR TD3 OR DDPG OR PPO) AND (""energy management"" OR microgrid OR HEMS)) AND PUBYEAR > 2018 AND LANGUAGE(english) AND (DOCTYPE(ar))",2-s2.0-105018859541,Minimally Invasive Design and Energy Efficiency Evaluation of Photovoltaic–Energy Storage–Direct Current–Flexible Systems in Low-Carbon Retrofitting of Existing Buildings,10.3390/buildings15193599,Buildings,2025-10-01,Article,0,1,Jia C.; Yang L.; Jin W.; Zhao J.; Zhang C.; Li Y.,China University of Mining and Technology; Jiangsu Vocational Institute of Architectural Technology,https://www.scopus.com/inward/record.uri?partnerID=HzOxMe3b&scp=105018859541&origin=inward
Q4_offpolicy_vs_onpolicy,"TITLE-ABS-KEY((""soft actor-critic"" OR SAC OR TD3 OR DDPG OR PPO) AND (""energy management"" OR microgrid OR HEMS)) AND PUBYEAR > 2018 AND LANGUAGE(english) AND (DOCTYPE(ar))",2-s2.0-105019228417,Research on Dynamic Energy Management Optimization of Park Integrated Energy System Based on Deep Reinforcement Learning,10.3390/en18195172,Energies,2025-10-01,Article,0,1,Jiang X.; Zhang L.; Li F.; Li Z.; Ling Z.; Zhao Z.,Shanxi Energy Internet Research Institute,https://www.scopus.com/inward/record.uri?partnerID=HzOxMe3b&scp=105019228417&origin=inward
Q4_offpolicy_vs_onpolicy,"TITLE-ABS-KEY((""soft actor-critic"" OR SAC OR TD3 OR DDPG OR PPO) AND (""energy management"" OR microgrid OR HEMS)) AND PUBYEAR > 2018 AND LANGUAGE(english) AND (DOCTYPE(ar))",2-s2.0-105015098937,Multi-agent-based energy management strategy for a novel electric-flywheel hybrid electric vehicle,10.1016/j.seta.2025.104538,Sustainable Energy Technologies and Assessments,2025-10-01,Article,0,0,Lin Y.; Zhang T.; Hong J.; Zhang H.; Zhou J.; Liao Y.; Liu B.,University of Science and Technology Beijing; Qingdao University; Ltd; Qingte Group Limited,https://www.scopus.com/inward/record.uri?partnerID=HzOxMe3b&scp=105015098937&origin=inward
Q4_offpolicy_vs_onpolicy,"TITLE-ABS-KEY((""soft actor-critic"" OR SAC OR TD3 OR DDPG OR PPO) AND (""energy management"" OR microgrid OR HEMS)) AND PUBYEAR > 2018 AND LANGUAGE(english) AND (DOCTYPE(ar))",2-s2.0-105008150727,Eco-driving strategy of fuel cell hybrid electric vehicle based on improved soft actor-critic algorithm in car-following scenario,10.1016/j.jpowsour.2025.237516,Journal of Power Sources,2025-10-01,Article,2,0,Fu Z.; Jiang Z.; Gao S.; Tao F.; Si P.; Wang Z.,Henan University of Science and Technology; Zhongyuan University of Technology; Longmen Laboratory,https://www.scopus.com/inward/record.uri?partnerID=HzOxMe3b&scp=105008150727&origin=inward
Q4_offpolicy_vs_onpolicy,"TITLE-ABS-KEY((""soft actor-critic"" OR SAC OR TD3 OR DDPG OR PPO) AND (""energy management"" OR microgrid OR HEMS)) AND PUBYEAR > 2018 AND LANGUAGE(english) AND (DOCTYPE(ar))",2-s2.0-105009387864,Ecological driving strategy for dual-motor electric vehicles based on sequential hierarchical deep reinforcement learning,10.1016/j.energy.2025.137128,Energy,2025-10-01,Article,3,0,Ling C.; Peng J.; Fan Y.; Wu C.; Zhou J.; Yu S.,Southeast University,https://www.scopus.com/inward/record.uri?partnerID=HzOxMe3b&scp=105009387864&origin=inward
Q4_offpolicy_vs_onpolicy,"TITLE-ABS-KEY((""soft actor-critic"" OR SAC OR TD3 OR DDPG OR PPO) AND (""energy management"" OR microgrid OR HEMS)) AND PUBYEAR > 2018 AND LANGUAGE(english) AND (DOCTYPE(ar))",2-s2.0-105010561115,"A GUI application for real-time home energy management using uncertainty-aware Proximal Policy Optimization with energy storage, electric vehicle, and renewables",10.1016/j.jobe.2025.113174,Journal of Building Engineering,2025-10-01,Article,4,1,Rehman U.u.,Instituto Politécnico do Porto,https://www.scopus.com/inward/record.uri?partnerID=HzOxMe3b&scp=105010561115&origin=inward
Q4_offpolicy_vs_onpolicy,"TITLE-ABS-KEY((""soft actor-critic"" OR SAC OR TD3 OR DDPG OR PPO) AND (""energy management"" OR microgrid OR HEMS)) AND PUBYEAR > 2018 AND LANGUAGE(english) AND (DOCTYPE(ar))",2-s2.0-105007415211,Development and testing of an IoT platform with smart algorithms for building energy management systems,10.1016/j.enbuild.2025.115970,Energy and Buildings,2025-10-01,Article,12,1,Islam F.; Ahmed I.; Mihet-Popa L.,HØgskolen i Østfold,https://www.scopus.com/inward/record.uri?partnerID=HzOxMe3b&scp=105007415211&origin=inward
Q4_offpolicy_vs_onpolicy,"TITLE-ABS-KEY((""soft actor-critic"" OR SAC OR TD3 OR DDPG OR PPO) AND (""energy management"" OR microgrid OR HEMS)) AND PUBYEAR > 2018 AND LANGUAGE(english) AND (DOCTYPE(ar))",2-s2.0-105020172158,"Low-Carbon Economic Dispatch of Integrated Energy Systems for Electricity, Gas, and Heat Based on Deep Reinforcement Learning",10.3390/su17209040,Sustainability Switzerland,2025-10-01,Article,0,1,Lu X.; Zhang Y.; Fan D.; Wei J.; Yu X.,Lanzhou Jiaotong University,https://www.scopus.com/inward/record.uri?partnerID=HzOxMe3b&scp=105020172158&origin=inward
Q4_offpolicy_vs_onpolicy,"TITLE-ABS-KEY((""soft actor-critic"" OR SAC OR TD3 OR DDPG OR PPO) AND (""energy management"" OR microgrid OR HEMS)) AND PUBYEAR > 2018 AND LANGUAGE(english) AND (DOCTYPE(ar))",2-s2.0-105010120374,"The continuous training of machine learning-based energy management strategy for plug-in hybrid electric vehicle, part I: electric driving mode",10.1016/j.energy.2025.137467,Energy,2025-10-01,Article,1,0,Wan H.; Ruan J.; Xia J.; Han Z.; Li Y.,Beijing University of Technology,https://www.scopus.com/inward/record.uri?partnerID=HzOxMe3b&scp=105010120374&origin=inward
Q4_offpolicy_vs_onpolicy,"TITLE-ABS-KEY((""soft actor-critic"" OR SAC OR TD3 OR DDPG OR PPO) AND (""energy management"" OR microgrid OR HEMS)) AND PUBYEAR > 2018 AND LANGUAGE(english) AND (DOCTYPE(ar))",2-s2.0-105005845132,Superior energy management for fuel cell vehicles guided by improved DDPG algorithm: Integrating driving intention speed prediction and health-aware control,10.1016/j.apenergy.2025.126195,Applied Energy,2025-09-15,Article,89,0,Jia C.; Liu W.; He H.; Chau K.T.,"The Hong Kong Polytechnic University; School of Mechanical Engineering, Beijing Institute of Technology",https://www.scopus.com/inward/record.uri?partnerID=HzOxMe3b&scp=105005845132&origin=inward
Q4_offpolicy_vs_onpolicy,"TITLE-ABS-KEY((""soft actor-critic"" OR SAC OR TD3 OR DDPG OR PPO) AND (""energy management"" OR microgrid OR HEMS)) AND PUBYEAR > 2018 AND LANGUAGE(english) AND (DOCTYPE(ar))",2-s2.0-105013839093,Adaptive hierarchical energy management strategy for fuel cell hybrid engineering vehicles based on deep reinforcement learning,10.1016/j.ijhydene.2025.150985,International Journal of Hydrogen Energy,2025-09-15,Article,3,0,Li T.; Li M.; Wang X.; Cui J.; Dong J.; Liu H.; Xu H.,Jilin University; Changchun University; School of Mechanical and Aerospace Engineering; Shenyang Aircraft Airworthiness Certification Center of CAAC,https://www.scopus.com/inward/record.uri?partnerID=HzOxMe3b&scp=105013839093&origin=inward
Q4_offpolicy_vs_onpolicy,"TITLE-ABS-KEY((""soft actor-critic"" OR SAC OR TD3 OR DDPG OR PPO) AND (""energy management"" OR microgrid OR HEMS)) AND PUBYEAR > 2018 AND LANGUAGE(english) AND (DOCTYPE(ar))",2-s2.0-105012611920,Multi-objective thermal-health ECMS with equivalent factor regulated by DRL for fuel-cell hybrid heavy trucks,10.1016/j.ijhydene.2025.150899,International Journal of Hydrogen Energy,2025-09-05,Article,2,0,Ju F.; Gao S.; Zhuang W.; Wang Q.; Li B.,Southeast University; The Hong Kong Polytechnic University; Nanjing University of Science and Technology; Nanjing Forestry University,https://www.scopus.com/inward/record.uri?partnerID=HzOxMe3b&scp=105012611920&origin=inward
Q4_offpolicy_vs_onpolicy,"TITLE-ABS-KEY((""soft actor-critic"" OR SAC OR TD3 OR DDPG OR PPO) AND (""energy management"" OR microgrid OR HEMS)) AND PUBYEAR > 2018 AND LANGUAGE(english) AND (DOCTYPE(ar))",2-s2.0-85205721968,Multi-objective energy management strategy for a dual-stack fuel cell heavy-duty truck via deep reinforcement learning,10.1177/09544070241279007,Proceedings of the Institution of Mechanical Engineers Part D Journal of Automobile Engineering,2025-09-01,Article,3,0,Zhou J.; Zhou H.; Wang C.; Zhao W.,Nanjing University of Aeronautics and Astronautics,https://www.scopus.com/inward/record.uri?partnerID=HzOxMe3b&scp=85205721968&origin=inward
Q4_offpolicy_vs_onpolicy,"TITLE-ABS-KEY((""soft actor-critic"" OR SAC OR TD3 OR DDPG OR PPO) AND (""energy management"" OR microgrid OR HEMS)) AND PUBYEAR > 2018 AND LANGUAGE(english) AND (DOCTYPE(ar))",2-s2.0-105008572086,Deep reinforcement learning for methane slip reduction in hybrid-powered liquefied natural gas marine vessels,10.1016/j.seta.2025.104404,Sustainable Energy Technologies and Assessments,2025-09-01,Article,3,1,Abdalla A.; Kirchen P.; Gopaluni B.,The University of British Columbia,https://www.scopus.com/inward/record.uri?partnerID=HzOxMe3b&scp=105008572086&origin=inward
Q4_offpolicy_vs_onpolicy,"TITLE-ABS-KEY((""soft actor-critic"" OR SAC OR TD3 OR DDPG OR PPO) AND (""energy management"" OR microgrid OR HEMS)) AND PUBYEAR > 2018 AND LANGUAGE(english) AND (DOCTYPE(ar))",2-s2.0-105004351711,Research on cooperative scheduling strategy of wind-solar-compressed air energy storage system,10.1016/j.renene.2025.123309,Renewable Energy,2025-09-01,Article,5,0,Liu W.; Zhang Z.; Meng K.; Xie N.; Gao Y.; Gao R.,Inner Mongolia University of Technology; China Three Gorges Corporation,https://www.scopus.com/inward/record.uri?partnerID=HzOxMe3b&scp=105004351711&origin=inward
Q4_offpolicy_vs_onpolicy,"TITLE-ABS-KEY((""soft actor-critic"" OR SAC OR TD3 OR DDPG OR PPO) AND (""energy management"" OR microgrid OR HEMS)) AND PUBYEAR > 2018 AND LANGUAGE(english) AND (DOCTYPE(ar))",2-s2.0-105012246777,Low-carbon energy management for networked multi-energy microgrids using multi-agent soft actor-critic algorithm,10.1016/j.segan.2025.101821,Sustainable Energy Grids and Networks,2025-09-01,Article,2,0,Song D.; Yan L.; Dai X.; Zhu X.; Hagenmeyer V.; Zhai J.,Karlsruher Institut für Technologie; China University of Petroleum (East China); State Grid (Suzhou) City & Energy Research Institute,https://www.scopus.com/inward/record.uri?partnerID=HzOxMe3b&scp=105012246777&origin=inward
Q4_offpolicy_vs_onpolicy,"TITLE-ABS-KEY((""soft actor-critic"" OR SAC OR TD3 OR DDPG OR PPO) AND (""energy management"" OR microgrid OR HEMS)) AND PUBYEAR > 2018 AND LANGUAGE(english) AND (DOCTYPE(ar))",2-s2.0-105019402768,"Coordinated Operation of Active Distribution Network, Networked Microgrids, and Electric Vehicles: A Multi-Agent PPO Optimization Method",10.17775/CSEEJPES.2022.05640,Csee Journal of Power and Energy Systems,2025-09-01,Article,6,1,Shi W.; Zhang D.; Han X.; Wang X.; Pu T.; Chen W.,China Electric Power Research Institute; Beijing Electric Power Research Institute,https://www.scopus.com/inward/record.uri?partnerID=HzOxMe3b&scp=105019402768&origin=inward
Q4_offpolicy_vs_onpolicy,"TITLE-ABS-KEY((""soft actor-critic"" OR SAC OR TD3 OR DDPG OR PPO) AND (""energy management"" OR microgrid OR HEMS)) AND PUBYEAR > 2018 AND LANGUAGE(english) AND (DOCTYPE(ar))",2-s2.0-105017382003,Hierarchical Reinforcement Learning-Based Energy Management for Hybrid Electric Vehicles with Gear-Shifting Strategy,10.3390/machines13090754,Machines,2025-09-01,Article,0,1,Lan C.; Zhang H.; Zhao Y.; Du H.; Ren J.; Luo J.,North University of China,https://www.scopus.com/inward/record.uri?partnerID=HzOxMe3b&scp=105017382003&origin=inward
Q4_offpolicy_vs_onpolicy,"TITLE-ABS-KEY((""soft actor-critic"" OR SAC OR TD3 OR DDPG OR PPO) AND (""energy management"" OR microgrid OR HEMS)) AND PUBYEAR > 2018 AND LANGUAGE(english) AND (DOCTYPE(ar))",2-s2.0-105015484436,Energy Management Strategy for Hybrid Electric Vehicles Based on Experience-Pool-Optimized Deep Reinforcement Learning,10.3390/app15179302,Applied Sciences Switzerland,2025-09-01,Article,3,1,Zhuang J.; Li P.; Liu L.; Ma H.; Cheng X.,Hainan University; University of Portsmouth; Hainan Vocational University of Science and Technology,https://www.scopus.com/inward/record.uri?partnerID=HzOxMe3b&scp=105015484436&origin=inward
Q4_offpolicy_vs_onpolicy,"TITLE-ABS-KEY((""soft actor-critic"" OR SAC OR TD3 OR DDPG OR PPO) AND (""energy management"" OR microgrid OR HEMS)) AND PUBYEAR > 2018 AND LANGUAGE(english) AND (DOCTYPE(ar))",2-s2.0-105012102238,Optimizing microgrid energy management with hybrid energy storage systems using reinforcement learning methods,10.1016/j.suscom.2025.101177,Sustainable Computing Informatics and Systems,2025-09-01,Article,5,0,Li L.,China University of Petroleum-Beijing,https://www.scopus.com/inward/record.uri?partnerID=HzOxMe3b&scp=105012102238&origin=inward
Q4_offpolicy_vs_onpolicy,"TITLE-ABS-KEY((""soft actor-critic"" OR SAC OR TD3 OR DDPG OR PPO) AND (""energy management"" OR microgrid OR HEMS)) AND PUBYEAR > 2018 AND LANGUAGE(english) AND (DOCTYPE(ar))",2-s2.0-105004546204,Sim-to-real design and development of reinforcement learning-based energy management strategies for fuel cell electric vehicles,10.1016/j.apenergy.2025.126030,Applied Energy,2025-09-01,Article,34,0,Lei N.; Zhang H.; Hu J.; Hu Z.; Wang Z.,Tsinghua University; College of Engineering; Beijing Hybot Technology Corporation Ltd.,https://www.scopus.com/inward/record.uri?partnerID=HzOxMe3b&scp=105004546204&origin=inward
Q4_offpolicy_vs_onpolicy,"TITLE-ABS-KEY((""soft actor-critic"" OR SAC OR TD3 OR DDPG OR PPO) AND (""energy management"" OR microgrid OR HEMS)) AND PUBYEAR > 2018 AND LANGUAGE(english) AND (DOCTYPE(ar))",2-s2.0-105015496239,A Deep Reinforcement Learning Framework for Multi-Fleet Scheduling and Optimization of Hybrid Ground Support Equipment Vehicles in Airport Operations,10.3390/app15179777,Applied Sciences Switzerland,2025-09-01,Article,1,1,Wang F.; Zhou M.; Xing Y.; Wang H.W.; Peng Y.; Chen Z.,"Tongji University; A-Star, Institute of High Performance Computing",https://www.scopus.com/inward/record.uri?partnerID=HzOxMe3b&scp=105015496239&origin=inward
Q4_offpolicy_vs_onpolicy,"TITLE-ABS-KEY((""soft actor-critic"" OR SAC OR TD3 OR DDPG OR PPO) AND (""energy management"" OR microgrid OR HEMS)) AND PUBYEAR > 2018 AND LANGUAGE(english) AND (DOCTYPE(ar))",2-s2.0-105004012905,Novel energy management strategy based on expert-guidance DDPG for hybrid electric combine harvester,10.1016/j.compag.2025.110475,Computers and Electronics in Agriculture,2025-09-01,Article,4,0,Wang F.; Xie W.; Zhu X.; Cai Y.,Southeast University; Jiangsu University,https://www.scopus.com/inward/record.uri?partnerID=HzOxMe3b&scp=105004012905&origin=inward
Q4_offpolicy_vs_onpolicy,"TITLE-ABS-KEY((""soft actor-critic"" OR SAC OR TD3 OR DDPG OR PPO) AND (""energy management"" OR microgrid OR HEMS)) AND PUBYEAR > 2018 AND LANGUAGE(english) AND (DOCTYPE(ar))",2-s2.0-105009494053,LSTM-augmented DRL for generalisable energy management of hydrogen-hybrid ship propulsion systems,10.1016/j.etran.2025.100442,Etransportation,2025-09-01,Article,10,0,Fan A.; Liu H.; Wu P.; Yang L.; Guan C.; Li T.; Bucknall R.; Liu Y.,University College London; Wuhan University of Technology; East Lake Laboratory,https://www.scopus.com/inward/record.uri?partnerID=HzOxMe3b&scp=105009494053&origin=inward
Q4_offpolicy_vs_onpolicy,"TITLE-ABS-KEY((""soft actor-critic"" OR SAC OR TD3 OR DDPG OR PPO) AND (""energy management"" OR microgrid OR HEMS)) AND PUBYEAR > 2018 AND LANGUAGE(english) AND (DOCTYPE(ar))",2-s2.0-105003746036,Reinforcement learning with experience augmentation for energy management optimization in hybrid electric vehicles,10.1016/j.applthermaleng.2025.126561,Applied Thermal Engineering,2025-09-01,Article,2,0,Shi X.; Jiang D.; Liang Y.; Liu H.; Hu X.,Tongji University; China Ship Scientific Research Center; Ltd.; Nanchang Automotive Institute of Intelligence & New Energy,https://www.scopus.com/inward/record.uri?partnerID=HzOxMe3b&scp=105003746036&origin=inward
Q4_offpolicy_vs_onpolicy,"TITLE-ABS-KEY((""soft actor-critic"" OR SAC OR TD3 OR DDPG OR PPO) AND (""energy management"" OR microgrid OR HEMS)) AND PUBYEAR > 2018 AND LANGUAGE(english) AND (DOCTYPE(ar))",2-s2.0-105013593459,Deep deterministic policy gradient-based energy storage control and distribution between two microgrids,10.1016/j.prime.2025.101096,E Prime Advances in Electrical Engineering Electronics and Energy,2025-09-01,Article,2,1,Aklo N.J.; Almousawi A.Q.; Hammood H.; Al-Ibraheemi Z.A.M.,University of Kufa; University of Thi-Qar,https://www.scopus.com/inward/record.uri?partnerID=HzOxMe3b&scp=105013593459&origin=inward
Q4_offpolicy_vs_onpolicy,"TITLE-ABS-KEY((""soft actor-critic"" OR SAC OR TD3 OR DDPG OR PPO) AND (""energy management"" OR microgrid OR HEMS)) AND PUBYEAR > 2018 AND LANGUAGE(english) AND (DOCTYPE(ar))",2-s2.0-85203443963,Investigation of energy management strategy based on deep reinforcement learning algorithm for multi-speed pure electric vehicles,10.1177/09544070241275427,Proceedings of the Institution of Mechanical Engineers Part D Journal of Automobile Engineering,2025-09-01,Article,0,0,Yang W.; Luo D.; Zhang W.; Zhang N.,University of Science and Technology Beijing; Hefei University of Technology,https://www.scopus.com/inward/record.uri?partnerID=HzOxMe3b&scp=85203443963&origin=inward
Q4_offpolicy_vs_onpolicy,"TITLE-ABS-KEY((""soft actor-critic"" OR SAC OR TD3 OR DDPG OR PPO) AND (""energy management"" OR microgrid OR HEMS)) AND PUBYEAR > 2018 AND LANGUAGE(english) AND (DOCTYPE(ar))",2-s2.0-105006721726,Towards sustainable and intelligent urban transportation: A novel deep transfer reinforcement learning framework for eco-driving of fuel cell buses,10.1016/j.energy.2025.136730,Energy,2025-09-01,Article,1,0,Huang R.; He H.; Su Q.; Wu J.,"Technische Universität München; Beijing Institute of Technology; The Hong Kong Polytechnic University; School of Mechanical Engineering, Beijing Institute of Technology",https://www.scopus.com/inward/record.uri?partnerID=HzOxMe3b&scp=105006721726&origin=inward
Q4_offpolicy_vs_onpolicy,"TITLE-ABS-KEY((""soft actor-critic"" OR SAC OR TD3 OR DDPG OR PPO) AND (""energy management"" OR microgrid OR HEMS)) AND PUBYEAR > 2018 AND LANGUAGE(english) AND (DOCTYPE(ar))",2-s2.0-105004872255,PPO-based fluctuation-consumption co-optimized energy management for wind-disturbed fuel cell hybrid electric flying car,10.1016/j.jpowsour.2025.237349,Journal of Power Sources,2025-08-15,Article,4,0,Peng H.; Yuan D.; Jiang K.; Xu W.,Hainan University,https://www.scopus.com/inward/record.uri?partnerID=HzOxMe3b&scp=105004872255&origin=inward
Q4_offpolicy_vs_onpolicy,"TITLE-ABS-KEY((""soft actor-critic"" OR SAC OR TD3 OR DDPG OR PPO) AND (""energy management"" OR microgrid OR HEMS)) AND PUBYEAR > 2018 AND LANGUAGE(english) AND (DOCTYPE(ar))",2-s2.0-105008645064,Comprehensive assessment of deep reinforcement learning approaches for economic dispatch in nuclear-driven microgrids,10.1016/j.compeleceng.2025.110528,Computers and Electrical Engineering,2025-08-01,Article,4,1,Arvanitidis A.I.; Talbot P.; Gatsis N.; Alamaniotis M.,Idaho National Laboratory; Margie and Bill Klesse College of Engineering and Integrated Design,https://www.scopus.com/inward/record.uri?partnerID=HzOxMe3b&scp=105008645064&origin=inward
Q4_offpolicy_vs_onpolicy,"TITLE-ABS-KEY((""soft actor-critic"" OR SAC OR TD3 OR DDPG OR PPO) AND (""energy management"" OR microgrid OR HEMS)) AND PUBYEAR > 2018 AND LANGUAGE(english) AND (DOCTYPE(ar))",2-s2.0-105009326225,Integrated Information and Energy Relaying Protocols for Cooperative Self-Sustainable Networks Using Deep Learning,10.1002/dac.70154,International Journal of Communication Systems,2025-08-01,Article,0,0,Suresh Kumar P.; Prasad G.; Singh K R.; Mishra D.; Kumari M.,UNSW Sydney; National Institute of Technology Silchar; SAP Labs India Pvt. Ltd.,https://www.scopus.com/inward/record.uri?partnerID=HzOxMe3b&scp=105009326225&origin=inward
Q4_offpolicy_vs_onpolicy,"TITLE-ABS-KEY((""soft actor-critic"" OR SAC OR TD3 OR DDPG OR PPO) AND (""energy management"" OR microgrid OR HEMS)) AND PUBYEAR > 2018 AND LANGUAGE(english) AND (DOCTYPE(ar))",2-s2.0-105014331465,An Improved Soft Actor–Critic Framework for Cooperative Energy Management in the Building Cluster,10.3390/app15168966,Applied Sciences Switzerland,2025-08-01,Article,1,1,Lu W.; Gao Y.; Sun Z.; Mao Q.,University of Canterbury; Beijing University of Civil Engineering and Architecture,https://www.scopus.com/inward/record.uri?partnerID=HzOxMe3b&scp=105014331465&origin=inward
Q4_offpolicy_vs_onpolicy,"TITLE-ABS-KEY((""soft actor-critic"" OR SAC OR TD3 OR DDPG OR PPO) AND (""energy management"" OR microgrid OR HEMS)) AND PUBYEAR > 2018 AND LANGUAGE(english) AND (DOCTYPE(ar))",2-s2.0-105013120829,Electric Vehicle Energy Management Under Unknown Disturbances from Undefined Power Demand: Online Co-State Estimation via Reinforcement Learning,10.3390/en18154062,Energies,2025-08-01,Article,1,1,Treesatayapun C.; Munoz-Vazquez A.J.; Korkua S.K.; Srikarun B.; Pochaiya C.,Texas A&M University; Walailak University; Center for Research and Advanced Studies (CINVESTAV),https://www.scopus.com/inward/record.uri?partnerID=HzOxMe3b&scp=105013120829&origin=inward
Q4_offpolicy_vs_onpolicy,"TITLE-ABS-KEY((""soft actor-critic"" OR SAC OR TD3 OR DDPG OR PPO) AND (""energy management"" OR microgrid OR HEMS)) AND PUBYEAR > 2018 AND LANGUAGE(english) AND (DOCTYPE(ar))",2-s2.0-105004800351,Off-road hybrid electric vehicle energy management strategy using multi-agent soft actor-critic with collaborative-independent algorithm,10.1016/j.energy.2025.136463,Energy,2025-08-01,Article,13,0,Liu H.; You C.; Han L.; Yang N.; Liu B.,"Beijing Institute of Technology; School of Mechanical Engineering, Beijing Institute of Technology; China North Vehicle Research Institute",https://www.scopus.com/inward/record.uri?partnerID=HzOxMe3b&scp=105004800351&origin=inward
Q4_offpolicy_vs_onpolicy,"TITLE-ABS-KEY((""soft actor-critic"" OR SAC OR TD3 OR DDPG OR PPO) AND (""energy management"" OR microgrid OR HEMS)) AND PUBYEAR > 2018 AND LANGUAGE(english) AND (DOCTYPE(ar))",2-s2.0-105001489372,An efficient energy management strategy of a hybrid electric unmanned aerial vehicle considering turboshaft engine speed regulation: A deep reinforcement learning approach,10.1016/j.apenergy.2025.125837,Applied Energy,2025-07-15,Article,9,0,Chen Y.; Wang W.; Yang C.; Liang B.; Liu W.,Beijing Institute of Technology,https://www.scopus.com/inward/record.uri?partnerID=HzOxMe3b&scp=105001489372&origin=inward
Q4_offpolicy_vs_onpolicy,"TITLE-ABS-KEY((""soft actor-critic"" OR SAC OR TD3 OR DDPG OR PPO) AND (""energy management"" OR microgrid OR HEMS)) AND PUBYEAR > 2018 AND LANGUAGE(english) AND (DOCTYPE(ar))",2-s2.0-105003957010,Deep reinforcement learning-based hierarchical control strategy for energy management of intelligent fuel cell hybrid electric vehicles,10.1016/j.energy.2025.136281,Energy,2025-07-01,Article,17,0,Nie Z.; Feng Y.; Lian Y.,Kunming University of Science and Technology; Changchun University of Technology,https://www.scopus.com/inward/record.uri?partnerID=HzOxMe3b&scp=105003957010&origin=inward
Q4_offpolicy_vs_onpolicy,"TITLE-ABS-KEY((""soft actor-critic"" OR SAC OR TD3 OR DDPG OR PPO) AND (""energy management"" OR microgrid OR HEMS)) AND PUBYEAR > 2018 AND LANGUAGE(english) AND (DOCTYPE(ar))",2-s2.0-105003949520,Holistic energy management strategy for hybrid electric heavy-duty vehicles based on proximal policy optimization with the consideration of cabin temperature comfort,10.1016/j.energy.2025.136313,Energy,2025-07-01,Article,4,0,Iqbal N.; He G.; Wang H.; Lin Z.; Zheng Z.; Yao M.,"Tianjin University; Guangxi Yuchai Machinery Co., Ltd.",https://www.scopus.com/inward/record.uri?partnerID=HzOxMe3b&scp=105003949520&origin=inward
Q4_offpolicy_vs_onpolicy,"TITLE-ABS-KEY((""soft actor-critic"" OR SAC OR TD3 OR DDPG OR PPO) AND (""energy management"" OR microgrid OR HEMS)) AND PUBYEAR > 2018 AND LANGUAGE(english) AND (DOCTYPE(ar))",2-s2.0-105010754670,Hybrid forecasting and optimization framework for residential photovoltaic-battery systems: Integrating data-driven prediction with multi-strategy scenario analysis,10.1007/s12273-025-1319-6,Building Simulation,2025-07-01,Article,3,0,Liu X.; Gou Z.,Wuhan University,https://www.scopus.com/inward/record.uri?partnerID=HzOxMe3b&scp=105010754670&origin=inward
Q4_offpolicy_vs_onpolicy,"TITLE-ABS-KEY((""soft actor-critic"" OR SAC OR TD3 OR DDPG OR PPO) AND (""energy management"" OR microgrid OR HEMS)) AND PUBYEAR > 2018 AND LANGUAGE(english) AND (DOCTYPE(ar))",2-s2.0-105010293710,Autonomous Reinforcement Learning for Intelligent and Sustainable Autonomous Microgrid Energy Management,10.3390/electronics14132691,Electronics Switzerland,2025-07-01,Article,4,1,Ioannou I.; Javaid S.; Tan Y.; Vassiliou V.,University of Cyprus; Japan Advanced Institute of Science and Technology; Kanazawa Gakuin University; CYENS Centre of Excellence,https://www.scopus.com/inward/record.uri?partnerID=HzOxMe3b&scp=105010293710&origin=inward
Q4_offpolicy_vs_onpolicy,"TITLE-ABS-KEY((""soft actor-critic"" OR SAC OR TD3 OR DDPG OR PPO) AND (""energy management"" OR microgrid OR HEMS)) AND PUBYEAR > 2018 AND LANGUAGE(english) AND (DOCTYPE(ar))",2-s2.0-105006693688,Hierarchical optimization control strategy of hybrid electric vehicle platoon under communication failure,10.1016/j.isci.2025.112685,Iscience,2025-06-20,Article,0,1,Wang J.; Zeng Z.; Lei W.; Ye H.; Su W.; Li X.; Guo J.; Jiang J.; Li K.,"Tsinghua University; Xiamen University; Xiamen King Long United Automotive Industry Co., Ltd.",https://www.scopus.com/inward/record.uri?partnerID=HzOxMe3b&scp=105006693688&origin=inward
Q4_offpolicy_vs_onpolicy,"TITLE-ABS-KEY((""soft actor-critic"" OR SAC OR TD3 OR DDPG OR PPO) AND (""energy management"" OR microgrid OR HEMS)) AND PUBYEAR > 2018 AND LANGUAGE(english) AND (DOCTYPE(ar))",2-s2.0-85218351316,Energy management of solar spectral beam-splitting integrated energy systems using Soft Actor-Critic Method,10.1016/j.applthermaleng.2025.125966,Applied Thermal Engineering,2025-06-15,Article,6,0,Wang X.; Yang C.; Zhao J.; Wu T.,Harbin Engineering University,https://www.scopus.com/inward/record.uri?partnerID=HzOxMe3b&scp=85218351316&origin=inward
Q4_offpolicy_vs_onpolicy,"TITLE-ABS-KEY((""soft actor-critic"" OR SAC OR TD3 OR DDPG OR PPO) AND (""energy management"" OR microgrid OR HEMS)) AND PUBYEAR > 2018 AND LANGUAGE(english) AND (DOCTYPE(ar))",2-s2.0-86000670866,Integrated thermal-energy management for electric vehicles in high-temperature conditions using hierarchical reinforcement learning,10.1016/j.eswa.2025.127221,Expert Systems with Applications,2025-06-01,Article,18,0,Guo X.; Peng J.; He H.; Wu C.; Zhang H.; Ma C.,Southeast University; Beijing Institute of Technology; North University of China,https://www.scopus.com/inward/record.uri?partnerID=HzOxMe3b&scp=86000670866&origin=inward
Q4_offpolicy_vs_onpolicy,"TITLE-ABS-KEY((""soft actor-critic"" OR SAC OR TD3 OR DDPG OR PPO) AND (""energy management"" OR microgrid OR HEMS)) AND PUBYEAR > 2018 AND LANGUAGE(english) AND (DOCTYPE(ar))",2-s2.0-105005434757,Integrated DDPG-PSO energy management systems for enhanced battery cycling and efficient grid utilization,10.1016/j.nexus.2025.100448,Energy Nexus,2025-06-01,Article,5,1,Ibrahim O.; Aziz M.J.A.; Ayop R.; Low W.Y.; Yahaya N.Z.; Dahiru A.T.; Amosa T.I.; Ayinla S.L.,College of Engineering; Universiti Teknologi PETRONAS; University of Ilorin; School of Electrical Engineering; PMB,https://www.scopus.com/inward/record.uri?partnerID=HzOxMe3b&scp=105005434757&origin=inward
Q4_offpolicy_vs_onpolicy,"TITLE-ABS-KEY((""soft actor-critic"" OR SAC OR TD3 OR DDPG OR PPO) AND (""energy management"" OR microgrid OR HEMS)) AND PUBYEAR > 2018 AND LANGUAGE(english) AND (DOCTYPE(ar))",2-s2.0-105007792772,Adaptive Predictive Maintenance and Energy Optimization in Metro Systems Using Deep Reinforcement Learning,10.3390/su17115096,Sustainability Switzerland,2025-06-01,Article,1,1,Rziki M.H.; Hadbi A.E.; Boutahir M.K.; Abounaima M.C.,Université Sidi Mohamed Ben Abdellah; Université Mohammed Premier Oujda; Université Moulay Ismaïl; Faculté des Sciences de Meknès,https://www.scopus.com/inward/record.uri?partnerID=HzOxMe3b&scp=105007792772&origin=inward
Q4_offpolicy_vs_onpolicy,"TITLE-ABS-KEY((""soft actor-critic"" OR SAC OR TD3 OR DDPG OR PPO) AND (""energy management"" OR microgrid OR HEMS)) AND PUBYEAR > 2018 AND LANGUAGE(english) AND (DOCTYPE(ar))",2-s2.0-105007832663,A Low-Carbon Economic Scheduling Strategy for Multi-Microgrids with Communication Mechanism-Enabled Multi-Agent Deep Reinforcement Learning,10.3390/electronics14112251,Electronics Switzerland,2025-06-01,Article,5,1,Nie L.; Long B.; Yu M.; Zhang D.; Yang X.; Jing S.,University of Electronic Science and Technology of China; State Grid Corporation of China; State Grid Luzhou Power Supply Company,https://www.scopus.com/inward/record.uri?partnerID=HzOxMe3b&scp=105007832663&origin=inward
Q4_offpolicy_vs_onpolicy,"TITLE-ABS-KEY((""soft actor-critic"" OR SAC OR TD3 OR DDPG OR PPO) AND (""energy management"" OR microgrid OR HEMS)) AND PUBYEAR > 2018 AND LANGUAGE(english) AND (DOCTYPE(ar))",2-s2.0-105005210380,Sand Cat Swarm Optimization and Attention-Based Graph Convolutional Neural Network for Energy Management Analysis of Grid-Connected Hybrid Wind-Microturbine-Photovoltaic-Electric Vehicle Systems,10.1002/est2.70187,Energy Storage,2025-06-01,Article,2,1,Venkatesh R.J.; Karpe S.R.; Kokare B.; Pradeep K.V.,"Savitribai Phule Pune University; Vellore Institute of Technology, Chennai; SRM Madurai College for Engineering and Technology; CSMSS Chh Shahu College of Engineering",https://www.scopus.com/inward/record.uri?partnerID=HzOxMe3b&scp=105005210380&origin=inward
Q4_offpolicy_vs_onpolicy,"TITLE-ABS-KEY((""soft actor-critic"" OR SAC OR TD3 OR DDPG OR PPO) AND (""energy management"" OR microgrid OR HEMS)) AND PUBYEAR > 2018 AND LANGUAGE(english) AND (DOCTYPE(ar))",2-s2.0-105007838355,Enhancing Mixed Traffic Stability with TD3-Driven Bilateral Control in Autonomous Vehicle Chains,10.3390/su17114790,Sustainability Switzerland,2025-06-01,Article,1,1,Liu K.; Jiao P.; Hong W.; Chen Y.,Beijing University of Civil Engineering and Architecture,https://www.scopus.com/inward/record.uri?partnerID=HzOxMe3b&scp=105007838355&origin=inward
Q4_offpolicy_vs_onpolicy,"TITLE-ABS-KEY((""soft actor-critic"" OR SAC OR TD3 OR DDPG OR PPO) AND (""energy management"" OR microgrid OR HEMS)) AND PUBYEAR > 2018 AND LANGUAGE(english) AND (DOCTYPE(ar))",2-s2.0-85217201913,Deep reinforcement learning tuned type-3 fuzzy PID controller: AC microgrid case study,10.1007/s00202-025-02957-4,Electrical Engineering,2025-06-01,Article,6,2,Sabahi K.; Panahi S.; Shokri Kalandaragh Y.; Mohammadzadeh A.,Aalborg University; Sakarya Üniversitesi; University of Mohaghegh Ardabili; Ministry of Education,https://www.scopus.com/inward/record.uri?partnerID=HzOxMe3b&scp=85217201913&origin=inward
Q4_offpolicy_vs_onpolicy,"TITLE-ABS-KEY((""soft actor-critic"" OR SAC OR TD3 OR DDPG OR PPO) AND (""energy management"" OR microgrid OR HEMS)) AND PUBYEAR > 2018 AND LANGUAGE(english) AND (DOCTYPE(ar))",2-s2.0-105002152486,An real-time intelligent energy management based on deep reinforcement learning and model predictive control for hybrid electric vehicles considering battery life,10.1016/j.energy.2025.135931,Energy,2025-06-01,Article,16,0,Ma X.; Liu H.; Han L.; Yang N.; Li M.,"School of Mechanical Engineering, Beijing Institute of Technology",https://www.scopus.com/inward/record.uri?partnerID=HzOxMe3b&scp=105002152486&origin=inward
Q4_offpolicy_vs_onpolicy,"TITLE-ABS-KEY((""soft actor-critic"" OR SAC OR TD3 OR DDPG OR PPO) AND (""energy management"" OR microgrid OR HEMS)) AND PUBYEAR > 2018 AND LANGUAGE(english) AND (DOCTYPE(ar))",2-s2.0-105009048474,Multi-Agent Deep Reinforcement Learning for Scheduling of Energy Storage System in Microgrids,10.3390/math13121999,Mathematics,2025-06-01,Article,11,1,Jung S.W.; An Y.Y.; Suh B.K.; Park Y.B.; Kim J.; Kim K.I.,Chungnam National University; Electronics and Telecommunications Research Institute,https://www.scopus.com/inward/record.uri?partnerID=HzOxMe3b&scp=105009048474&origin=inward
Q4_offpolicy_vs_onpolicy,"TITLE-ABS-KEY((""soft actor-critic"" OR SAC OR TD3 OR DDPG OR PPO) AND (""energy management"" OR microgrid OR HEMS)) AND PUBYEAR > 2018 AND LANGUAGE(english) AND (DOCTYPE(ar))",2-s2.0-105002234639,BiLSTM-ATTENTION-CNN predictive energy management based on ISSA optimization for intelligent fuel cell hybrid vehicle platoon,10.1016/j.energy.2025.135860,Energy,2025-06-01,Article,7,0,Nie Z.; Song H.; Lian Y.; Shi Z.,Kunming University of Science and Technology; Changchun University of Technology,https://www.scopus.com/inward/record.uri?partnerID=HzOxMe3b&scp=105002234639&origin=inward
Q4_offpolicy_vs_onpolicy,"TITLE-ABS-KEY((""soft actor-critic"" OR SAC OR TD3 OR DDPG OR PPO) AND (""energy management"" OR microgrid OR HEMS)) AND PUBYEAR > 2018 AND LANGUAGE(english) AND (DOCTYPE(ar))",2-s2.0-105002341862,Energy management of networked energy hub considering risk assessment and cyber security: A deep reinforcement learning approach,10.1016/j.compeleceng.2025.110262,Computers and Electrical Engineering,2025-05-01,Article,2,0,Dalimi-Asl A.; Javadi S.; Ahmarinejad A.; Rabbanifar P.,"Islamic Azad University, Central Tehran Branch",https://www.scopus.com/inward/record.uri?partnerID=HzOxMe3b&scp=105002341862&origin=inward
Q4_offpolicy_vs_onpolicy,"TITLE-ABS-KEY((""soft actor-critic"" OR SAC OR TD3 OR DDPG OR PPO) AND (""energy management"" OR microgrid OR HEMS)) AND PUBYEAR > 2018 AND LANGUAGE(english) AND (DOCTYPE(ar))",2-s2.0-85218857386,Eco-driving for connected automated hybrid electric vehicles in learning-enabled layered transportation systems,10.1016/j.trd.2025.104677,Transportation Research Part D Transport and Environment,2025-05-01,Article,4,0,Yan S.; Fang J.; Yang C.; Chen R.; Liu H.,Beijing Institute of Technology; Yanshan University,https://www.scopus.com/inward/record.uri?partnerID=HzOxMe3b&scp=85218857386&origin=inward
Q4_offpolicy_vs_onpolicy,"TITLE-ABS-KEY((""soft actor-critic"" OR SAC OR TD3 OR DDPG OR PPO) AND (""energy management"" OR microgrid OR HEMS)) AND PUBYEAR > 2018 AND LANGUAGE(english) AND (DOCTYPE(ar))",2-s2.0-105003715113,Deep reinforcement learning for optimal microgrid energy management with renewable energy and electric vehicle integration,10.1016/j.asoc.2025.113180,Applied Soft Computing,2025-05-01,Article,19,2,Xiong B.; Zhang L.; Hu Y.; Fang F.; Liu Q.; Cheng L.,Wageningen University & Research; North China Electric Power University; Dublin City University,https://www.scopus.com/inward/record.uri?partnerID=HzOxMe3b&scp=105003715113&origin=inward
Q4_offpolicy_vs_onpolicy,"TITLE-ABS-KEY((""soft actor-critic"" OR SAC OR TD3 OR DDPG OR PPO) AND (""energy management"" OR microgrid OR HEMS)) AND PUBYEAR > 2018 AND LANGUAGE(english) AND (DOCTYPE(ar))",2-s2.0-105001593855,Proximal Policy Optimization–Driven Real-Time Home Energy Management System with Storage and Renewables,10.1007/s41660-024-00476-6,Process Integration and Optimization for Sustainability,2025-05-01,Article,13,0,Rehman U.u.,Instituto Politécnico do Porto,https://www.scopus.com/inward/record.uri?partnerID=HzOxMe3b&scp=105001593855&origin=inward
Q4_offpolicy_vs_onpolicy,"TITLE-ABS-KEY((""soft actor-critic"" OR SAC OR TD3 OR DDPG OR PPO) AND (""energy management"" OR microgrid OR HEMS)) AND PUBYEAR > 2018 AND LANGUAGE(english) AND (DOCTYPE(ar))",2-s2.0-105004790770,Energy Management Strategy for Fuel Cell Vehicles Based on Deep Transfer Reinforcement Learning,10.3390/en18092192,Energies,2025-05-01,Article,5,1,Wang Z.; He R.; Hu D.; Lu D.,Jiangsu University,https://www.scopus.com/inward/record.uri?partnerID=HzOxMe3b&scp=105004790770&origin=inward
Q4_offpolicy_vs_onpolicy,"TITLE-ABS-KEY((""soft actor-critic"" OR SAC OR TD3 OR DDPG OR PPO) AND (""energy management"" OR microgrid OR HEMS)) AND PUBYEAR > 2018 AND LANGUAGE(english) AND (DOCTYPE(ar))",2-s2.0-105000890508,Self-learning adaptive power management scheme for energy-efficient IoT-MEC systems using soft actor-critic algorithm,10.1016/j.iot.2025.101587,Internet of Things the Netherlands,2025-05-01,Article,26,0,Rahmani A.M.; Haider A.; Moghaddasi K.; Gharehchopogh F.S.; Aurangzeb K.; Liu Z.; Hosseinzadeh M.,"King Saud University; Universiti Sains Malaysia; Sejong University; National Yunlin University of Science and Technology; Duy Tan University; Jadara University; Islamic Azad University, Urmia Branch; Xinyu University",https://www.scopus.com/inward/record.uri?partnerID=HzOxMe3b&scp=105000890508&origin=inward
Q4_offpolicy_vs_onpolicy,"TITLE-ABS-KEY((""soft actor-critic"" OR SAC OR TD3 OR DDPG OR PPO) AND (""energy management"" OR microgrid OR HEMS)) AND PUBYEAR > 2018 AND LANGUAGE(english) AND (DOCTYPE(ar))",2-s2.0-86000724304,Global optimization guided energy management strategy for hybrid electric vehicles based on generative adversarial network embedded reinforcement learning,10.1016/j.energy.2025.135586,Energy,2025-05-01,Article,8,0,Fan Y.; Peng J.; Yu S.; Yan F.; Wang Z.; Li M.; Yan M.,Southeast University; Beijing Institute of Technology; Yanshan University,https://www.scopus.com/inward/record.uri?partnerID=HzOxMe3b&scp=86000724304&origin=inward
Q4_offpolicy_vs_onpolicy,"TITLE-ABS-KEY((""soft actor-critic"" OR SAC OR TD3 OR DDPG OR PPO) AND (""energy management"" OR microgrid OR HEMS)) AND PUBYEAR > 2018 AND LANGUAGE(english) AND (DOCTYPE(ar))",2-s2.0-85215858029,Load frequency control based on reinforcement learning for microgrids under false data attacks,10.1016/j.compeleceng.2025.110093,Computers and Electrical Engineering,2025-04-01,Article,19,0,Abouzeid S.I.; Chen Y.; Zaery M.; Abido M.A.; Raza A.; Abdelhameed E.H.,University of Electronic Science and Technology of China; King Fahd University of Petroleum and Minerals; Faculty of Energy Engineering; Sichuan Province Engineering Technology Research Center for Electric Vehicle Driving System and Safety,https://www.scopus.com/inward/record.uri?partnerID=HzOxMe3b&scp=85215858029&origin=inward
Q4_offpolicy_vs_onpolicy,"TITLE-ABS-KEY((""soft actor-critic"" OR SAC OR TD3 OR DDPG OR PPO) AND (""energy management"" OR microgrid OR HEMS)) AND PUBYEAR > 2018 AND LANGUAGE(english) AND (DOCTYPE(ar))",2-s2.0-105003375931,Accelerated Primal–Dual Deep Reinforcement Learning for Efficient Energy Management of Hybrid Electric Vehicles,10.1007/s13369-024-09353-3,Arabian Journal for Science and Engineering,2025-04-01,Article,5,0,Shaik J.; Karri S.P.K.,National Institute of Technology Andhra Pradesh,https://www.scopus.com/inward/record.uri?partnerID=HzOxMe3b&scp=105003375931&origin=inward
Q4_offpolicy_vs_onpolicy,"TITLE-ABS-KEY((""soft actor-critic"" OR SAC OR TD3 OR DDPG OR PPO) AND (""energy management"" OR microgrid OR HEMS)) AND PUBYEAR > 2018 AND LANGUAGE(english) AND (DOCTYPE(ar))",2-s2.0-85217914468,Enhancing cold storage efficiency: Continuous deep deterministic policy gradient approach to energy optimization utilizing strategic sensor input data,10.1016/j.ecmx.2025.100901,Energy Conversion and Management X,2025-04-01,Article,4,1,Park J.W.; Ju Y.M.; Kim H.S.,Hanyang University,https://www.scopus.com/inward/record.uri?partnerID=HzOxMe3b&scp=85217914468&origin=inward
Q4_offpolicy_vs_onpolicy,"TITLE-ABS-KEY((""soft actor-critic"" OR SAC OR TD3 OR DDPG OR PPO) AND (""energy management"" OR microgrid OR HEMS)) AND PUBYEAR > 2018 AND LANGUAGE(english) AND (DOCTYPE(ar))",2-s2.0-105003721308,Energy Optimization for Microgrids Based on Uncertainty-Aware Deep Deterministic Policy Gradient,10.3390/pr13041047,Processes,2025-04-01,Article,7,1,Wang T.; Liu H.; Su M.,Harbin Institute of Technology; Ltd.; State Grid Weihai Electric Power Company,https://www.scopus.com/inward/record.uri?partnerID=HzOxMe3b&scp=105003721308&origin=inward
Q4_offpolicy_vs_onpolicy,"TITLE-ABS-KEY((""soft actor-critic"" OR SAC OR TD3 OR DDPG OR PPO) AND (""energy management"" OR microgrid OR HEMS)) AND PUBYEAR > 2018 AND LANGUAGE(english) AND (DOCTYPE(ar))",2-s2.0-105003725508,A New Energy Management Strategy Supported by Reinforcement Learning: A Case Study of a Multi-Energy Cruise Ship,10.3390/jmse13040720,Journal of Marine Science and Engineering,2025-04-01,Article,1,1,Guo X.; Tang D.; Yuan Y.; Yuan C.; Shen B.; Guerrero J.M.,Wuhan University of Technology; Universitat Politècnica de Catalunya; Aalborg University; Institució Catalana de Recerca i Estudis Avançats; Department of Engineering,https://www.scopus.com/inward/record.uri?partnerID=HzOxMe3b&scp=105003725508&origin=inward
Q4_offpolicy_vs_onpolicy,"TITLE-ABS-KEY((""soft actor-critic"" OR SAC OR TD3 OR DDPG OR PPO) AND (""energy management"" OR microgrid OR HEMS)) AND PUBYEAR > 2018 AND LANGUAGE(english) AND (DOCTYPE(ar))",2-s2.0-105003599828,Deep Reinforcement Learning Based Energy Management Strategy for Vertical Take-Off and Landing Aircraft with Turbo-Electric Hybrid Propulsion System,10.3390/aerospace12040355,Aerospace,2025-04-01,Article,9,1,Yu F.; Tang W.; Chen J.; Wang J.; Sun X.; Chen X.,"University of Chinese Academy of Sciences; University of Leeds; Ningbo Institute of Industrial Technology, Chinese Academy of Sciences",https://www.scopus.com/inward/record.uri?partnerID=HzOxMe3b&scp=105003599828&origin=inward
Q4_offpolicy_vs_onpolicy,"TITLE-ABS-KEY((""soft actor-critic"" OR SAC OR TD3 OR DDPG OR PPO) AND (""energy management"" OR microgrid OR HEMS)) AND PUBYEAR > 2018 AND LANGUAGE(english) AND (DOCTYPE(ar))",2-s2.0-85216086148,Improving economic operation of a microgrid through expert behaviors and prediction intervals,10.1016/j.apenergy.2025.125391,Applied Energy,2025-04-01,Article,7,0,Qu K.; Si G.; Wang Q.; Xu M.; Shan Z.,Xi'an Jiaotong University,https://www.scopus.com/inward/record.uri?partnerID=HzOxMe3b&scp=85216086148&origin=inward
Q4_offpolicy_vs_onpolicy,"TITLE-ABS-KEY((""soft actor-critic"" OR SAC OR TD3 OR DDPG OR PPO) AND (""energy management"" OR microgrid OR HEMS)) AND PUBYEAR > 2018 AND LANGUAGE(english) AND (DOCTYPE(ar))",2-s2.0-85217980253,Energy management in HDHEV with dual APUs: Enhancing soft actor-critic using clustered experience replay and multi-dimensional priority sampling,10.1016/j.energy.2025.134926,Energy,2025-03-15,Article,3,0,Zhang D.; Sun W.; Zou Y.; Zhang X.,Beijing Institute of Technology,https://www.scopus.com/inward/record.uri?partnerID=HzOxMe3b&scp=85217980253&origin=inward
Q4_offpolicy_vs_onpolicy,"TITLE-ABS-KEY((""soft actor-critic"" OR SAC OR TD3 OR DDPG OR PPO) AND (""energy management"" OR microgrid OR HEMS)) AND PUBYEAR > 2018 AND LANGUAGE(english) AND (DOCTYPE(ar))",2-s2.0-85216613875,An intelligent energy management framework for hybrid-electric propulsion systems using deep reinforcement learning,10.1016/j.ijhydene.2025.01.380,International Journal of Hydrogen Energy,2025-03-06,Article,10,1,Wu P.; Partridge J.; Anderlini E.; Liu Y.; Bucknall R.,University College London,https://www.scopus.com/inward/record.uri?partnerID=HzOxMe3b&scp=85216613875&origin=inward
Q4_offpolicy_vs_onpolicy,"TITLE-ABS-KEY((""soft actor-critic"" OR SAC OR TD3 OR DDPG OR PPO) AND (""energy management"" OR microgrid OR HEMS)) AND PUBYEAR > 2018 AND LANGUAGE(english) AND (DOCTYPE(ar))",2-s2.0-85218860188,A Cutting-Edge Energy Management System for a Hybrid Electric Vehicle relying on Soft Actor–Critic Deep Reinforcement Learning,10.1016/j.treng.2025.100308,Transportation Engineering,2025-03-01,Article,10,1,Tresca L.; Pulvirenti L.; Rolando L.,Politecnico di Torino,https://www.scopus.com/inward/record.uri?partnerID=HzOxMe3b&scp=85218860188&origin=inward
Q4_offpolicy_vs_onpolicy,"TITLE-ABS-KEY((""soft actor-critic"" OR SAC OR TD3 OR DDPG OR PPO) AND (""energy management"" OR microgrid OR HEMS)) AND PUBYEAR > 2018 AND LANGUAGE(english) AND (DOCTYPE(ar))",2-s2.0-86000597920,A Comparative Study of Energy Management Strategies for Battery-Ultracapacitor Electric Vehicles Based on Different Deep Reinforcement Learning Methods,10.3390/en18051280,Energies,2025-03-01,Article,2,1,Xu W.; Huang H.; Wang C.; Xia S.; Gao X.,Sichuan University of Science & Engineering,https://www.scopus.com/inward/record.uri?partnerID=HzOxMe3b&scp=86000597920&origin=inward
Q4_offpolicy_vs_onpolicy,"TITLE-ABS-KEY((""soft actor-critic"" OR SAC OR TD3 OR DDPG OR PPO) AND (""energy management"" OR microgrid OR HEMS)) AND PUBYEAR > 2018 AND LANGUAGE(english) AND (DOCTYPE(ar))",2-s2.0-85209254370,Distributed secondary control for DC microgrids using two-stage multi-agent reinforcement learning,10.1016/j.ijepes.2024.110335,International Journal of Electrical Power and Energy Systems,2025-03-01,Article,7,1,Li F.; Tu W.; Zhou Y.; Li H.; Zhou F.; Liu W.; Hu C.,Central South University; Changsha University of Science and Technology; Hunan University of Finance and Economics,https://www.scopus.com/inward/record.uri?partnerID=HzOxMe3b&scp=85209254370&origin=inward
Q4_offpolicy_vs_onpolicy,"TITLE-ABS-KEY((""soft actor-critic"" OR SAC OR TD3 OR DDPG OR PPO) AND (""energy management"" OR microgrid OR HEMS)) AND PUBYEAR > 2018 AND LANGUAGE(english) AND (DOCTYPE(ar))",2-s2.0-105001119350,Deep Reinforcement Learning-Based Energy Management Strategy for Green Ships Considering Photovoltaic Uncertainty,10.3390/jmse13030565,Journal of Marine Science and Engineering,2025-03-01,Article,5,1,Zhao Y.; Wen S.; Zhao Q.; Zhang B.; Huang Y.,Shanghai Jiao Tong University; Jiangsu University of Science and Technology; Shanghai Marine Equipment Research Institute,https://www.scopus.com/inward/record.uri?partnerID=HzOxMe3b&scp=105001119350&origin=inward
Q4_offpolicy_vs_onpolicy,"TITLE-ABS-KEY((""soft actor-critic"" OR SAC OR TD3 OR DDPG OR PPO) AND (""energy management"" OR microgrid OR HEMS)) AND PUBYEAR > 2018 AND LANGUAGE(english) AND (DOCTYPE(ar))",2-s2.0-85213057915,Bayesian optimization for hyper-parameter tuning of an improved twin delayed deep deterministic policy gradients based energy management strategy for plug-in hybrid electric vehicles,10.1016/j.apenergy.2024.125171,Applied Energy,2025-03-01,Article,16,0,Wang J.; Du C.; Yan F.; Hua M.; Gongye X.; Yuan Q.; Xu H.; Zhou Q.,University of Birmingham; Wuhan University of Technology,https://www.scopus.com/inward/record.uri?partnerID=HzOxMe3b&scp=85213057915&origin=inward
Q4_offpolicy_vs_onpolicy,"TITLE-ABS-KEY((""soft actor-critic"" OR SAC OR TD3 OR DDPG OR PPO) AND (""energy management"" OR microgrid OR HEMS)) AND PUBYEAR > 2018 AND LANGUAGE(english) AND (DOCTYPE(ar))",2-s2.0-105002020199,Optimizing Home Energy Flows and Battery Management with Supervised and Unsupervised Learning in Renewable Systems,10.3390/electronics14061166,Electronics Switzerland,2025-03-01,Article,6,1,Alfaverh K.; Fawaier M.; Szamel L.,Budapest University of Technology and Economics; Luminus Technical University College,https://www.scopus.com/inward/record.uri?partnerID=HzOxMe3b&scp=105002020199&origin=inward
Q4_offpolicy_vs_onpolicy,"TITLE-ABS-KEY((""soft actor-critic"" OR SAC OR TD3 OR DDPG OR PPO) AND (""energy management"" OR microgrid OR HEMS)) AND PUBYEAR > 2018 AND LANGUAGE(english) AND (DOCTYPE(ar))",2-s2.0-105027850843,Multi-agent deep reinforcement learning with online and fair optimal dispatch of EV aggregators,10.1016/j.mlwa.2025.100620,Machine Learning with Applications,2025-03-01,Article,8,1,Kamrani A.S.; Dini A.; Dagdougui H.; Sheshyekani K.,Polytechnique Montréal; Groupe d'études et de Recherche en Analyse des Décisions,https://www.scopus.com/inward/record.uri?partnerID=HzOxMe3b&scp=105027850843&origin=inward
Q4_offpolicy_vs_onpolicy,"TITLE-ABS-KEY((""soft actor-critic"" OR SAC OR TD3 OR DDPG OR PPO) AND (""energy management"" OR microgrid OR HEMS)) AND PUBYEAR > 2018 AND LANGUAGE(english) AND (DOCTYPE(ar))",2-s2.0-85215095882,Data-driven optimal scheduling for integrated electricity-heat-gas-hydrogen energy system considering demand-side management: A deep reinforcement learning approach,10.1016/j.ijhydene.2025.01.185,International Journal of Hydrogen Energy,2025-02-17,Article,12,0,Liu J.; Meng X.; Wu J.,"Key Laboratory of Thermo-Fluid Science and Engineering, Ministry of Education",https://www.scopus.com/inward/record.uri?partnerID=HzOxMe3b&scp=85215095882&origin=inward
Q4_offpolicy_vs_onpolicy,"TITLE-ABS-KEY((""soft actor-critic"" OR SAC OR TD3 OR DDPG OR PPO) AND (""energy management"" OR microgrid OR HEMS)) AND PUBYEAR > 2018 AND LANGUAGE(english) AND (DOCTYPE(ar))",2-s2.0-85215434422,A hierarchical cooperative eco-driving and energy management strategy of hybrid electric vehicle based on improved TD3 with multi-experience,10.1016/j.enconman.2025.119508,Energy Conversion and Management,2025-02-15,Article,26,0,Chen B.; Wang M.; Hu L.; Zhang R.; Li H.; Wen X.; Gao K.,Central South University; Changsha University of Science and Technology; Changsha University,https://www.scopus.com/inward/record.uri?partnerID=HzOxMe3b&scp=85215434422&origin=inward
Q4_offpolicy_vs_onpolicy,"TITLE-ABS-KEY((""soft actor-critic"" OR SAC OR TD3 OR DDPG OR PPO) AND (""energy management"" OR microgrid OR HEMS)) AND PUBYEAR > 2018 AND LANGUAGE(english) AND (DOCTYPE(ar))",2-s2.0-85216319665,Deep reinforcement learning-based residential building energy management incorporating power-to-heat technology for building electrification,10.1016/j.energy.2025.134601,Energy,2025-02-15,Article,8,0,Kim H.J.; Lee J.Y.; Tak H.; Kim D.,Korea Institute of Energy Research,https://www.scopus.com/inward/record.uri?partnerID=HzOxMe3b&scp=85216319665&origin=inward
Q4_offpolicy_vs_onpolicy,"TITLE-ABS-KEY((""soft actor-critic"" OR SAC OR TD3 OR DDPG OR PPO) AND (""energy management"" OR microgrid OR HEMS)) AND PUBYEAR > 2018 AND LANGUAGE(english) AND (DOCTYPE(ar))",2-s2.0-85215865611,An improved energy management strategy of fuel cell hybrid vehicles based on proximal policy optimization algorithm,10.1016/j.energy.2025.134585,Energy,2025-02-15,Article,25,0,Li B.; Cui Y.; Xiao Y.; Fu S.; Choi J.; Zheng C.,Electronics and Telecommunications Research Institute; Shenzhen Institutes of Advanced Technology; Shenyang University of Technology,https://www.scopus.com/inward/record.uri?partnerID=HzOxMe3b&scp=85215865611&origin=inward
Q4_offpolicy_vs_onpolicy,"TITLE-ABS-KEY((""soft actor-critic"" OR SAC OR TD3 OR DDPG OR PPO) AND (""energy management"" OR microgrid OR HEMS)) AND PUBYEAR > 2018 AND LANGUAGE(english) AND (DOCTYPE(ar))",2-s2.0-85213081248,Reinforcement learning-based energy management system for lithium-ion battery storage in multilevel microgrid,10.1016/j.est.2024.115114,Journal of Energy Storage,2025-02-15,Article,15,2,Hosseini E.; Horrillo-Quintero P.; Carrasco-Gonzalez D.; García-Triviño P.; Sarrias-Mena R.; García-Vázquez C.A.; Fernández-Ramírez L.M.,Universidad de Cádiz,https://www.scopus.com/inward/record.uri?partnerID=HzOxMe3b&scp=85213081248&origin=inward
Q4_offpolicy_vs_onpolicy,"TITLE-ABS-KEY((""soft actor-critic"" OR SAC OR TD3 OR DDPG OR PPO) AND (""energy management"" OR microgrid OR HEMS)) AND PUBYEAR > 2018 AND LANGUAGE(english) AND (DOCTYPE(ar))",2-s2.0-85218636710,Enhancing HVAC Control Systems Using a Steady Soft Actor–Critic Deep Reinforcement Learning Approach,10.3390/buildings15040644,Buildings,2025-02-01,Article,14,1,Sun H.; Hu Y.; Luo J.; Guo Q.; Zhao J.,Shenyang Jianzhu University; Software College of Northeastern University; Ltd.,https://www.scopus.com/inward/record.uri?partnerID=HzOxMe3b&scp=85218636710&origin=inward
Q4_offpolicy_vs_onpolicy,"TITLE-ABS-KEY((""soft actor-critic"" OR SAC OR TD3 OR DDPG OR PPO) AND (""energy management"" OR microgrid OR HEMS)) AND PUBYEAR > 2018 AND LANGUAGE(english) AND (DOCTYPE(ar))",2-s2.0-85218639185,Energy Scheduling of Hydrogen Hybrid UAV Based on Model Predictive Control and Deep Deterministic Policy Gradient Algorithm,10.3390/a18020080,Algorithms,2025-02-01,Article,8,1,Li H.; Wang C.; Yuan S.; Zhu H.; Li B.; Liu Y.; Sun L.,Southeast University; State Grid Changzhou Power Supply Company,https://www.scopus.com/inward/record.uri?partnerID=HzOxMe3b&scp=85218639185&origin=inward
Q4_offpolicy_vs_onpolicy,"TITLE-ABS-KEY((""soft actor-critic"" OR SAC OR TD3 OR DDPG OR PPO) AND (""energy management"" OR microgrid OR HEMS)) AND PUBYEAR > 2018 AND LANGUAGE(english) AND (DOCTYPE(ar))",2-s2.0-85215258087,Deep reinforcement learning-based plug-in electric vehicle charging/discharging scheduling in a home energy management system,10.1016/j.energy.2025.134420,Energy,2025-02-01,Article,34,0,Mansour S.H.; Azzam S.M.; Hasanien H.M.; Tostado-Véliz M.; Alkuhayli A.; Jurado F.,"King Saud University; Universidad de Jaén; Faculty of Engineering, Ain Shams University; Faculty of Engineering & Technology; Faculty of Information Engineering and Technology",https://www.scopus.com/inward/record.uri?partnerID=HzOxMe3b&scp=85215258087&origin=inward
Q4_offpolicy_vs_onpolicy,"TITLE-ABS-KEY((""soft actor-critic"" OR SAC OR TD3 OR DDPG OR PPO) AND (""energy management"" OR microgrid OR HEMS)) AND PUBYEAR > 2018 AND LANGUAGE(english) AND (DOCTYPE(ar))",2-s2.0-85209576670,Microgrid economic dispatch using Information-Enhanced Deep Reinforcement Learning with consideration of control periods,10.1016/j.epsr.2024.111244,Electric Power Systems Research,2025-02-01,Article,16,0,Liu W.C.; Mao Z.Z.,"College of Information Science and Engineering, Northeastern University",https://www.scopus.com/inward/record.uri?partnerID=HzOxMe3b&scp=85209576670&origin=inward
Q4_offpolicy_vs_onpolicy,"TITLE-ABS-KEY((""soft actor-critic"" OR SAC OR TD3 OR DDPG OR PPO) AND (""energy management"" OR microgrid OR HEMS)) AND PUBYEAR > 2018 AND LANGUAGE(english) AND (DOCTYPE(ar))",2-s2.0-85212814615,A novel deep reinforcement learning-based predictive energy management for fuel cell buses integrating speed and passenger prediction,10.1016/j.ijhydene.2024.12.338,International Journal of Hydrogen Energy,2025-01-27,Article,76,0,Jia C.; He H.; Zhou J.; Li J.; Wei Z.; Li K.; Li M.,Beijing Institute of Technology; Yanshan University; Weifang University of Science and Technology,https://www.scopus.com/inward/record.uri?partnerID=HzOxMe3b&scp=85212814615&origin=inward
Q4_offpolicy_vs_onpolicy,"TITLE-ABS-KEY((""soft actor-critic"" OR SAC OR TD3 OR DDPG OR PPO) AND (""energy management"" OR microgrid OR HEMS)) AND PUBYEAR > 2018 AND LANGUAGE(english) AND (DOCTYPE(ar))",2-s2.0-85208406906,A trustworthy reinforcement learning framework for autonomous control of a large-scale complex heating system: Simulation and field implementation,10.1016/j.apenergy.2024.124815,Applied Energy,2025-01-15,Article,15,1,Heidari A.; Girardin L.; Dorsaz C.; Maréchal F.,École Polytechnique Fédérale de Lausanne; University of Applied Sciences Western Switzerland,https://www.scopus.com/inward/record.uri?partnerID=HzOxMe3b&scp=85208406906&origin=inward
Q4_offpolicy_vs_onpolicy,"TITLE-ABS-KEY((""soft actor-critic"" OR SAC OR TD3 OR DDPG OR PPO) AND (""energy management"" OR microgrid OR HEMS)) AND PUBYEAR > 2018 AND LANGUAGE(english) AND (DOCTYPE(ar))",2-s2.0-105000332661,Reinforcement Learning-Based Hyperparameter Tuning for Adaptive Model Predictive Controllers in Battery Thermal Management,10.1109/TVT.2025.3552968,IEEE Transactions on Vehicular Technology,2025-01-01,Article,6,0,Li K.; Wang Z.; Dinh T.Q.; Yoon J.,University of Warwick; Korea Construction Equipment Technology Institute,https://www.scopus.com/inward/record.uri?partnerID=HzOxMe3b&scp=105000332661&origin=inward
Q4_offpolicy_vs_onpolicy,"TITLE-ABS-KEY((""soft actor-critic"" OR SAC OR TD3 OR DDPG OR PPO) AND (""energy management"" OR microgrid OR HEMS)) AND PUBYEAR > 2018 AND LANGUAGE(english) AND (DOCTYPE(ar))",2-s2.0-85215428066,Energy Management in Microgrids Using Model-Free Deep Reinforcement Learning Approach,10.1109/ACCESS.2025.3525843,IEEE Access,2025-01-01,Article,15,1,Talab O.A.; Avci I.,Faculty of Engineering,https://www.scopus.com/inward/record.uri?partnerID=HzOxMe3b&scp=85215428066&origin=inward
Q4_offpolicy_vs_onpolicy,"TITLE-ABS-KEY((""soft actor-critic"" OR SAC OR TD3 OR DDPG OR PPO) AND (""energy management"" OR microgrid OR HEMS)) AND PUBYEAR > 2018 AND LANGUAGE(english) AND (DOCTYPE(ar))",2-s2.0-105002053678,A Decentralized Secondary Voltage Control Method With Unbalance Voltage Compensation Capability for Parallel Inverters in Islanded Microgrids,10.1109/TPEL.2025.3556302,IEEE Transactions on Power Electronics,2025-01-01,Article,2,0,Shi Y.; Liu Z.; Liu J.; Wang W.; An R.,Xi'an Jiaotong University,https://www.scopus.com/inward/record.uri?partnerID=HzOxMe3b&scp=105002053678&origin=inward
Q4_offpolicy_vs_onpolicy,"TITLE-ABS-KEY((""soft actor-critic"" OR SAC OR TD3 OR DDPG OR PPO) AND (""energy management"" OR microgrid OR HEMS)) AND PUBYEAR > 2018 AND LANGUAGE(english) AND (DOCTYPE(ar))",2-s2.0-105017158506,A Proximal Policy Optimization-Based Controller for Enhanced Power Sharing in Microgrids,10.1109/ACCESS.2025.3610451,IEEE Access,2025-01-01,Article,0,1,Hasheminasab S.; Lotfy A.; Alzayed M.; Chaoui H.,Carleton University; Frank Batten College of Engineering and Technology,https://www.scopus.com/inward/record.uri?partnerID=HzOxMe3b&scp=105017158506&origin=inward
Q4_offpolicy_vs_onpolicy,"TITLE-ABS-KEY((""soft actor-critic"" OR SAC OR TD3 OR DDPG OR PPO) AND (""energy management"" OR microgrid OR HEMS)) AND PUBYEAR > 2018 AND LANGUAGE(english) AND (DOCTYPE(ar))",2-s2.0-105001060295,Prosumer Cost Efficiency and Ensuring Grid Stability Through a Hierarchical PPO Framework in Decentralized Community Energy Management,10.1109/ACCESS.2025.3542873,IEEE Access,2025-01-01,Article,3,1,Singh A.; Panigrahi B.K.,Indian Institute of Technology Delhi,https://www.scopus.com/inward/record.uri?partnerID=HzOxMe3b&scp=105001060295&origin=inward
Q4_offpolicy_vs_onpolicy,"TITLE-ABS-KEY((""soft actor-critic"" OR SAC OR TD3 OR DDPG OR PPO) AND (""energy management"" OR microgrid OR HEMS)) AND PUBYEAR > 2018 AND LANGUAGE(english) AND (DOCTYPE(ar))",2-s2.0-105015414209,Integrated Algorithm for PPO-Based Intelligent Dynamic Target Assignment and Entry Guidance Using Quasi-Second-Order Enhanced Linear Pseudospectral Method,10.1002/rnc.70190,International Journal of Robust and Nonlinear Control,2025-01-01,Article,0,0,Li X.; Chen W.; Yang L.; Liu H.,Beihang University,https://www.scopus.com/inward/record.uri?partnerID=HzOxMe3b&scp=105015414209&origin=inward
Q4_offpolicy_vs_onpolicy,"TITLE-ABS-KEY((""soft actor-critic"" OR SAC OR TD3 OR DDPG OR PPO) AND (""energy management"" OR microgrid OR HEMS)) AND PUBYEAR > 2018 AND LANGUAGE(english) AND (DOCTYPE(ar))",2-s2.0-105021002677,Optimized control of fuel cell hybrid electric vehicles based on model predictive control and adaptive soft actor critic algorithm in a car-following scenario,10.1080/15567036.2025.2583396,Energy Sources Part A Recovery Utilization and Environmental Effects,2025-01-01,Article,0,0,Han Y.; Du A.; Zhu Z.,Tongji University; University of Shanghai for Science and Technology,https://www.scopus.com/inward/record.uri?partnerID=HzOxMe3b&scp=105021002677&origin=inward
Q4_offpolicy_vs_onpolicy,"TITLE-ABS-KEY((""soft actor-critic"" OR SAC OR TD3 OR DDPG OR PPO) AND (""energy management"" OR microgrid OR HEMS)) AND PUBYEAR > 2018 AND LANGUAGE(english) AND (DOCTYPE(ar))",2-s2.0-105011770457,Adaptive Energy Management in Dual-Motor Electric Vehicles Using Deep Deterministic Policy Gradient,10.1109/TTE.2025.3592627,IEEE Transactions on Transportation Electrification,2025-01-01,Article,2,0,Ouyang T.; Jin S.; Xie X.; Gong Y.; Zhang Z.,Guangxi University,https://www.scopus.com/inward/record.uri?partnerID=HzOxMe3b&scp=105011770457&origin=inward
Q4_offpolicy_vs_onpolicy,"TITLE-ABS-KEY((""soft actor-critic"" OR SAC OR TD3 OR DDPG OR PPO) AND (""energy management"" OR microgrid OR HEMS)) AND PUBYEAR > 2018 AND LANGUAGE(english) AND (DOCTYPE(ar))",2-s2.0-105002681899,A Data-Driven Adaptive Control Approach for Enhancing the Dynamic Response of VSGs in Varying Grid Conditions,10.1109/TPWRD.2025.3557059,IEEE Transactions on Power Delivery,2025-01-01,Article,6,0,Fahad S.; She B.; Yin J.; Li F.; Cui H.; Bo R.,NC State College of Engineering; Tickle College of Engineering; College of Engineering and Computing; ETAP; Parcific Northwest National Laboratory,https://www.scopus.com/inward/record.uri?partnerID=HzOxMe3b&scp=105002681899&origin=inward
Q4_offpolicy_vs_onpolicy,"TITLE-ABS-KEY((""soft actor-critic"" OR SAC OR TD3 OR DDPG OR PPO) AND (""energy management"" OR microgrid OR HEMS)) AND PUBYEAR > 2018 AND LANGUAGE(english) AND (DOCTYPE(ar))",2-s2.0-85205136234,Resilient Control of Networked Microgrids Using Vertical Federated Reinforcement Learning: Designs and Real-Time Test-Bed Validations,10.1109/TSG.2024.3466768,IEEE Transactions on Smart Grid,2025-01-01,Article,11,2,Mukherjee S.; Hossain R.R.; Mohiuddin S.M.; Liu Y.; Du W.; Adetola V.; Jinsiwale R.A.; Huang Q.; Yin T.; Singhal A.,Pacific Northwest National Laboratory,https://www.scopus.com/inward/record.uri?partnerID=HzOxMe3b&scp=85205136234&origin=inward
Q4_offpolicy_vs_onpolicy,"TITLE-ABS-KEY((""soft actor-critic"" OR SAC OR TD3 OR DDPG OR PPO) AND (""energy management"" OR microgrid OR HEMS)) AND PUBYEAR > 2018 AND LANGUAGE(english) AND (DOCTYPE(ar))",2-s2.0-105003584021,Uncertainty-Aware Deep Reinforcement Learning for Trainable Equivalent Consumption Minimization Strategy of Fuel Cell Hybrid Electric Tracked Vehicle,10.1109/TTE.2025.3563203,IEEE Transactions on Transportation Electrification,2025-01-01,Article,3,0,Su Q.; Huang R.; Zhang Z.; Shou Y.; He H.,Beijing Institute of Technology,https://www.scopus.com/inward/record.uri?partnerID=HzOxMe3b&scp=105003584021&origin=inward
Q4_offpolicy_vs_onpolicy,"TITLE-ABS-KEY((""soft actor-critic"" OR SAC OR TD3 OR DDPG OR PPO) AND (""energy management"" OR microgrid OR HEMS)) AND PUBYEAR > 2018 AND LANGUAGE(english) AND (DOCTYPE(ar))",2-s2.0-105008691281,Design of energy management strategy for electro-hydraulic hybrid vehicles based on multi-agent systems,10.1080/15567036.2025.2512996,Energy Sources Part A Recovery Utilization and Environmental Effects,2025-01-01,Article,2,0,Guan Q.Q.; Zhang H.; Yang J.; Zhou J.,University of Science and Technology Beijing; Qingdao University; School of Mechanical and Aerospace Engineering,https://www.scopus.com/inward/record.uri?partnerID=HzOxMe3b&scp=105008691281&origin=inward
Q4_offpolicy_vs_onpolicy,"TITLE-ABS-KEY((""soft actor-critic"" OR SAC OR TD3 OR DDPG OR PPO) AND (""energy management"" OR microgrid OR HEMS)) AND PUBYEAR > 2018 AND LANGUAGE(english) AND (DOCTYPE(ar))",2-s2.0-85214449241,Uniform Physics Informed Neural Network Framework for Microgrid and Its Application in Voltage Stability Analysis,10.1109/ACCESS.2025.3527047,IEEE Access,2025-01-01,Article,16,1,Feng R.; Wajid K.; Faheem M.; Wang J.; Subhan F.E.; Shoaib Bhutta M.,Tianjin University; Dublin City University; Teknologian Tutkimuskeskus VTT; State Grid Chongqing Power Company; Guilin University of Aerospace Technology,https://www.scopus.com/inward/record.uri?partnerID=HzOxMe3b&scp=85214449241&origin=inward
Q4_offpolicy_vs_onpolicy,"TITLE-ABS-KEY((""soft actor-critic"" OR SAC OR TD3 OR DDPG OR PPO) AND (""energy management"" OR microgrid OR HEMS)) AND PUBYEAR > 2018 AND LANGUAGE(english) AND (DOCTYPE(ar))",2-s2.0-85203201209,Real-time energy management for HEV combining naturalistic driving data and deep reinforcement learning with high generalization,10.1016/j.apenergy.2024.124350,Applied Energy,2025-01-01,Article,30,0,Liu Z.E.; Li Y.; Zhou Q.; Shuai B.; Hua M.; Xu H.; Xu L.; Tan G.; Li Y.,Tsinghua University; Tongji University; University of Birmingham; Swanson School of Engineering,https://www.scopus.com/inward/record.uri?partnerID=HzOxMe3b&scp=85203201209&origin=inward
Q4_offpolicy_vs_onpolicy,"TITLE-ABS-KEY((""soft actor-critic"" OR SAC OR TD3 OR DDPG OR PPO) AND (""energy management"" OR microgrid OR HEMS)) AND PUBYEAR > 2018 AND LANGUAGE(english) AND (DOCTYPE(ar))",2-s2.0-105001307080,AmBC-Enabled WBAN Toward Ultralow Power Intelligent Health Monitoring: A DDPG-Based Sensor Coordination Framework in Symbiotic Radio Networks,10.1109/JIOT.2025.3554649,IEEE Internet of Things Journal,2025-01-01,Article,3,0,Yang Y.; Yan S.,Xi'an Jiaotong University,https://www.scopus.com/inward/record.uri?partnerID=HzOxMe3b&scp=105001307080&origin=inward
Q4_offpolicy_vs_onpolicy,"TITLE-ABS-KEY((""soft actor-critic"" OR SAC OR TD3 OR DDPG OR PPO) AND (""energy management"" OR microgrid OR HEMS)) AND PUBYEAR > 2018 AND LANGUAGE(english) AND (DOCTYPE(ar))",2-s2.0-85205766421,ASP-DRL: A Novel Framework for Unifying IoT Energy Usage Flexibilities Characterized by Neural Networks and Optimization Models,10.1109/JIOT.2024.3469954,IEEE Internet of Things Journal,2025-01-01,Article,1,0,Qian T.; Fang M.; Zhu Y.; Liang Z.; Huang Y.; Hu Q.; Wu Z.,Xi'an Jiaotong University; Southeast University,https://www.scopus.com/inward/record.uri?partnerID=HzOxMe3b&scp=85205766421&origin=inward
Q4_offpolicy_vs_onpolicy,"TITLE-ABS-KEY((""soft actor-critic"" OR SAC OR TD3 OR DDPG OR PPO) AND (""energy management"" OR microgrid OR HEMS)) AND PUBYEAR > 2018 AND LANGUAGE(english) AND (DOCTYPE(ar))",2-s2.0-85192777855,Degradation Adaptive Energy Management Strategy for FCHEV Based on the Rule-DDPG Method: Tailored to the Current SOH of the Powertrain,10.1109/TTE.2024.3399054,IEEE Transactions on Transportation Electrification,2025-01-01,Article,31,0,Tang X.; Shi L.; Zhang Y.; Li B.; Xu S.; Song Z.,University College London; National University of Singapore; Tongji University,https://www.scopus.com/inward/record.uri?partnerID=HzOxMe3b&scp=85192777855&origin=inward
Q4_offpolicy_vs_onpolicy,"TITLE-ABS-KEY((""soft actor-critic"" OR SAC OR TD3 OR DDPG OR PPO) AND (""energy management"" OR microgrid OR HEMS)) AND PUBYEAR > 2018 AND LANGUAGE(english) AND (DOCTYPE(ar))",2-s2.0-85216095481,Low-Carbon Transformation of Polysilicon Park Energy Systems: Optimal Economic Strategy with TD3 Reinforcement Learning,10.3390/pr13010268,Processes,2025-01-01,Article,1,1,Hu S.; Zhao C.; Wu J.; Bian H.; Liu Y.; Li M.,State Key Laboratory of Multiphase Flow in Power Engineering; Ltd.; LTD.,https://www.scopus.com/inward/record.uri?partnerID=HzOxMe3b&scp=85216095481&origin=inward
Q4_offpolicy_vs_onpolicy,"TITLE-ABS-KEY((""soft actor-critic"" OR SAC OR TD3 OR DDPG OR PPO) AND (""energy management"" OR microgrid OR HEMS)) AND PUBYEAR > 2018 AND LANGUAGE(english) AND (DOCTYPE(ar))",2-s2.0-105019341848,Real-time Energy Management Based on Proximal Policy Optimization with Mask Layer for Hybrid Electric Mining Trucks,10.1109/OJVT.2025.3620014,IEEE Open Journal of Vehicular Technology,2025-01-01,Article,1,1,Zhao X.; Liu M.; Li J.; Azad N.L.; Farsi M.,University of Waterloo; University of Science and Technology Beijing,https://www.scopus.com/inward/record.uri?partnerID=HzOxMe3b&scp=105019341848&origin=inward
Q4_offpolicy_vs_onpolicy,"TITLE-ABS-KEY((""soft actor-critic"" OR SAC OR TD3 OR DDPG OR PPO) AND (""energy management"" OR microgrid OR HEMS)) AND PUBYEAR > 2018 AND LANGUAGE(english) AND (DOCTYPE(ar))",2-s2.0-85217565132,Energy Management of a Plug-In Hybrid Electric Vehicle Using Bayesian Optimization and Soft Actor-Critic Algorithm,10.1109/TTE.2024.3398046,IEEE Transactions on Transportation Electrification,2025-01-01,Article,14,1,Wang J.; Du C.; Yan F.; Duan X.; Hua M.; Xu H.; Zhou Q.,Tongji University; University of Birmingham; Wuhan University of Technology; Meituan,https://www.scopus.com/inward/record.uri?partnerID=HzOxMe3b&scp=85217565132&origin=inward
Q4_offpolicy_vs_onpolicy,"TITLE-ABS-KEY((""soft actor-critic"" OR SAC OR TD3 OR DDPG OR PPO) AND (""energy management"" OR microgrid OR HEMS)) AND PUBYEAR > 2018 AND LANGUAGE(english) AND (DOCTYPE(ar))",2-s2.0-105008070338,Deep reinforcement learning based energy management strategy for multi-mode hybrid electric vehicle with dual planetary gear set,10.1177/09544070251341959,Proceedings of the Institution of Mechanical Engineers Part D Journal of Automobile Engineering,2025-01-01,Article,0,0,Zhou J.; Li Z.; Wang C.; Zhao W.,Nanjing University of Aeronautics and Astronautics,https://www.scopus.com/inward/record.uri?partnerID=HzOxMe3b&scp=105008070338&origin=inward
Q4_offpolicy_vs_onpolicy,"TITLE-ABS-KEY((""soft actor-critic"" OR SAC OR TD3 OR DDPG OR PPO) AND (""energy management"" OR microgrid OR HEMS)) AND PUBYEAR > 2018 AND LANGUAGE(english) AND (DOCTYPE(ar))",2-s2.0-105018710880,Human-in-the-Loop Battery Scheduling in Buildings via Intent-Guided Rule-Reinforcement Learning,10.1109/JIOT.2025.3618644,IEEE Internet of Things Journal,2025-01-01,Article,1,0,Yang Y.; Liu S.; Sun L.; Li D.; Yang Q.,Xi'an Jiaotong University; State Key Laboratory for Manufacturing Systems Engineering; Shanghai Dianji University,https://www.scopus.com/inward/record.uri?partnerID=HzOxMe3b&scp=105018710880&origin=inward
Q4_offpolicy_vs_onpolicy,"TITLE-ABS-KEY((""soft actor-critic"" OR SAC OR TD3 OR DDPG OR PPO) AND (""energy management"" OR microgrid OR HEMS)) AND PUBYEAR > 2018 AND LANGUAGE(english) AND (DOCTYPE(ar))",2-s2.0-105012315520,Distributed Dynamic Offloading Flexible Strategy of Tasks in Digital Converter Stations for Industrial Internet of Things,10.1109/JIOT.2025.3588214,IEEE Internet of Things Journal,2025-01-01,Article,0,0,Lu Y.; Zhang D.; Xu K.; Fan M.,University of Science and Technology Beijing; China Electric Power Research Institute,https://www.scopus.com/inward/record.uri?partnerID=HzOxMe3b&scp=105012315520&origin=inward
Q4_offpolicy_vs_onpolicy,"TITLE-ABS-KEY((""soft actor-critic"" OR SAC OR TD3 OR DDPG OR PPO) AND (""energy management"" OR microgrid OR HEMS)) AND PUBYEAR > 2018 AND LANGUAGE(english) AND (DOCTYPE(ar))",2-s2.0-105006891945,Joint Resource Management for Energy-Efficient UAV-Assisted SWIPT-MEC: A Deep Reinforcement Learning Approach,10.1109/JIOT.2025.3574332,IEEE Internet of Things Journal,2025-01-01,Article,11,0,Chen Y.; Kang H.; Li J.; Sun G.; Wang B.; Wang J.; Liang C.; Liang S.; Niyato D.,Nanyang Technological University; Northeast Normal University; College of Computer Science and Technology; China Mobile Communications,https://www.scopus.com/inward/record.uri?partnerID=HzOxMe3b&scp=105006891945&origin=inward
Q4_offpolicy_vs_onpolicy,"TITLE-ABS-KEY((""soft actor-critic"" OR SAC OR TD3 OR DDPG OR PPO) AND (""energy management"" OR microgrid OR HEMS)) AND PUBYEAR > 2018 AND LANGUAGE(english) AND (DOCTYPE(ar))",2-s2.0-85216893119,Research on energy management strategy of hybrid electric mining trucks based on SAC,10.1080/15435075.2025.2460061,International Journal of Green Energy,2025-01-01,Article,2,0,Yang W.; Zhang W.; Zhang N.,University of Science and Technology Beijing; Hefei University of Technology,https://www.scopus.com/inward/record.uri?partnerID=HzOxMe3b&scp=85216893119&origin=inward
Q4_offpolicy_vs_onpolicy,"TITLE-ABS-KEY((""soft actor-critic"" OR SAC OR TD3 OR DDPG OR PPO) AND (""energy management"" OR microgrid OR HEMS)) AND PUBYEAR > 2018 AND LANGUAGE(english) AND (DOCTYPE(ar))",2-s2.0-85215390708,Residential Energy Management Method Based on the Proposed A3C-FER,10.1109/ACCESS.2025.3529872,IEEE Access,2025-01-01,Article,0,1,Zhang J.; Lin Q.; Wang L.; Victor Arinze O.; Hu Z.; Huang Y.,Zhejiang University of Science and Technology; Alibaba Group Holding Limited,https://www.scopus.com/inward/record.uri?partnerID=HzOxMe3b&scp=85215390708&origin=inward
Q4_offpolicy_vs_onpolicy,"TITLE-ABS-KEY((""soft actor-critic"" OR SAC OR TD3 OR DDPG OR PPO) AND (""energy management"" OR microgrid OR HEMS)) AND PUBYEAR > 2018 AND LANGUAGE(english) AND (DOCTYPE(ar))",2-s2.0-85215231959,Load frequency control in isolated island city microgrids using deep graph reinforcement learning considering extensive scenarios,10.1063/5.0247965,Aip Advances,2025-01-01,Article,7,1,He P.; Huang X.; He R.; Yuan L.,Guangdong Power Grid Corporation,https://www.scopus.com/inward/record.uri?partnerID=HzOxMe3b&scp=85215231959&origin=inward
Q4_offpolicy_vs_onpolicy,"TITLE-ABS-KEY((""soft actor-critic"" OR SAC OR TD3 OR DDPG OR PPO) AND (""energy management"" OR microgrid OR HEMS)) AND PUBYEAR > 2018 AND LANGUAGE(english) AND (DOCTYPE(ar))",2-s2.0-85193212658,Energy Management Strategy for Optimal Charge Depletion of Plug-In FCHEV Based on Multiconstrained Deep Reinforcement Learning,10.1109/TTE.2024.3400020,IEEE Transactions on Transportation Electrification,2025-01-01,Article,10,0,Wang H.; Wang X.; Fu Z.,Southwest Jiaotong University; Henan University of Science and Technology; Sichuan Engineering Research Center of Train Operation Control Technology,https://www.scopus.com/inward/record.uri?partnerID=HzOxMe3b&scp=85193212658&origin=inward
Q4_offpolicy_vs_onpolicy,"TITLE-ABS-KEY((""soft actor-critic"" OR SAC OR TD3 OR DDPG OR PPO) AND (""energy management"" OR microgrid OR HEMS)) AND PUBYEAR > 2018 AND LANGUAGE(english) AND (DOCTYPE(ar))",2-s2.0-105010311938,Integrated Underfrequency Load Shedding Strategy for Islanded Microgrids Integrating Multiclass Load-Related Factors,10.1109/TSG.2025.3586757,IEEE Transactions on Smart Grid,2025-01-01,Article,8,2,Wang C.; Cheng B.; He X.; Xi L.; Yang N.; Zhao Z.; Lai C.S.; Lai L.L.,Guangdong University of Technology; Brunel University London; China Three Gorges University; State Grid Jingzhou Electric Power Supply Company,https://www.scopus.com/inward/record.uri?partnerID=HzOxMe3b&scp=105010311938&origin=inward
Q4_offpolicy_vs_onpolicy,"TITLE-ABS-KEY((""soft actor-critic"" OR SAC OR TD3 OR DDPG OR PPO) AND (""energy management"" OR microgrid OR HEMS)) AND PUBYEAR > 2018 AND LANGUAGE(english) AND (DOCTYPE(ar))",2-s2.0-105003435017,Data-Driven Framework for Mitigating EV-Based Load-Altering Attacks on LFC Model of Microgrid,10.1109/TCE.2025.3563392,IEEE Transactions on Consumer Electronics,2025-01-01,Article,10,0,Abazari A.; Ghafouri M.; Jafarigiv D.; Atallah R.; Assi C.,Hydro-Québec; Concordia Institute for Information Systems Engineering,https://www.scopus.com/inward/record.uri?partnerID=HzOxMe3b&scp=105003435017&origin=inward
Q4_offpolicy_vs_onpolicy,"TITLE-ABS-KEY((""soft actor-critic"" OR SAC OR TD3 OR DDPG OR PPO) AND (""energy management"" OR microgrid OR HEMS)) AND PUBYEAR > 2018 AND LANGUAGE(english) AND (DOCTYPE(ar))",2-s2.0-105019187955,Deep reinforcement learning based energy management for hybrid electric buses under uncertain operational states,10.1177/09544070251380121,Proceedings of the Institution of Mechanical Engineers Part D Journal of Automobile Engineering,2025-01-01,Article,0,0,Lu C.; Gao R.,Dalian University of Technology,https://www.scopus.com/inward/record.uri?partnerID=HzOxMe3b&scp=105019187955&origin=inward
Q4_offpolicy_vs_onpolicy,"TITLE-ABS-KEY((""soft actor-critic"" OR SAC OR TD3 OR DDPG OR PPO) AND (""energy management"" OR microgrid OR HEMS)) AND PUBYEAR > 2018 AND LANGUAGE(english) AND (DOCTYPE(ar))",2-s2.0-105019383932,Deep Reinforcement Learning-Based Model-Free Secondary Frequency Control of Widespread Islanded Microgrid with Stability Constraints,10.1007/s13369-025-10740-7,Arabian Journal for Science and Engineering,2025-01-01,Article,0,0,Awan R.Q.; Zeb K.; Hayat R.; Rasheed A.; Uddin W.; Khalid M.,King Fahd University of Petroleum and Minerals; School of Electrical Engineering and Computer Science; BBH Products,https://www.scopus.com/inward/record.uri?partnerID=HzOxMe3b&scp=105019383932&origin=inward
Q4_offpolicy_vs_onpolicy,"TITLE-ABS-KEY((""soft actor-critic"" OR SAC OR TD3 OR DDPG OR PPO) AND (""energy management"" OR microgrid OR HEMS)) AND PUBYEAR > 2018 AND LANGUAGE(english) AND (DOCTYPE(ar))",2-s2.0-85203867272,Sequential service restoration with grid-interactive flexibility from building AC systems for resilient microgrids under endogenous and exogenous uncertainties,10.1016/j.apenergy.2024.124351,Applied Energy,2025-01-01,Article,5,0,Ma C.; Lei S.; Chen D.; Wang C.; Hatziargyriou N.D.; Song Z.,"National University of Singapore; University of Virginia; Hohai University; National Technical University of Athens (NTUA); The Chinese University of Hong Kong, Shenzhen",https://www.scopus.com/inward/record.uri?partnerID=HzOxMe3b&scp=85203867272&origin=inward
Q4_offpolicy_vs_onpolicy,"TITLE-ABS-KEY((""soft actor-critic"" OR SAC OR TD3 OR DDPG OR PPO) AND (""energy management"" OR microgrid OR HEMS)) AND PUBYEAR > 2018 AND LANGUAGE(english) AND (DOCTYPE(ar))",2-s2.0-105011950524,Energy-Borrowing-Based Deep Learning Protocol to Enhance Bidirectional Data Rates in a UAV-Assisted WPC Network,10.1109/JIOT.2025.3592842,IEEE Internet of Things Journal,2025-01-01,Article,0,0,Kurmvanshi R.S.; Prasad G.; Arif W.,National Institute of Technology Silchar,https://www.scopus.com/inward/record.uri?partnerID=HzOxMe3b&scp=105011950524&origin=inward
Q4_offpolicy_vs_onpolicy,"TITLE-ABS-KEY((""soft actor-critic"" OR SAC OR TD3 OR DDPG OR PPO) AND (""energy management"" OR microgrid OR HEMS)) AND PUBYEAR > 2018 AND LANGUAGE(english) AND (DOCTYPE(ar))",2-s2.0-105005153340,An Energy Management Strategy for Virtual Power Plants Integrating EVs Behaviour Analysis Based on TD3 and DQN,10.1049/rpg2.70048,Iet Renewable Power Generation,2025-01-01,Article,0,1,Hu W.; Wang S.; Du P.,Shanghai University of Electric Power,https://www.scopus.com/inward/record.uri?partnerID=HzOxMe3b&scp=105005153340&origin=inward
Q4_offpolicy_vs_onpolicy,"TITLE-ABS-KEY((""soft actor-critic"" OR SAC OR TD3 OR DDPG OR PPO) AND (""energy management"" OR microgrid OR HEMS)) AND PUBYEAR > 2018 AND LANGUAGE(english) AND (DOCTYPE(ar))",2-s2.0-105025774667,Operator-in-the-Loop Multi-Objective Scheduling of Multi-Energy Microgrids via LLM-Guided Reinforcement Learning,10.1109/TIA.2025.3647602,IEEE Transactions on Industry Applications,2025-01-01,Article,0,0,Liu C.; Wang Y.; Yan Z.; Konstantinou C.; Xie K.,Chongqing University; King Abdullah University of Science and Technology; School of Electrical and Electronic Engineering,https://www.scopus.com/inward/record.uri?partnerID=HzOxMe3b&scp=105025774667&origin=inward
Q4_offpolicy_vs_onpolicy,"TITLE-ABS-KEY((""soft actor-critic"" OR SAC OR TD3 OR DDPG OR PPO) AND (""energy management"" OR microgrid OR HEMS)) AND PUBYEAR > 2018 AND LANGUAGE(english) AND (DOCTYPE(ar))",2-s2.0-105000972233,LSTM-SAC reinforcement learning based resilient energy trading for networked microgrid system,10.3934/electreng.2025009,Aims Electronics and Electrical Engineering,2025-01-01,Article,5,1,Sharma D.D.; Bansal R.C.,University of Pretoria; University of Sharjah; Mahatma Jyotiba Phule Rohilkhand University,https://www.scopus.com/inward/record.uri?partnerID=HzOxMe3b&scp=105000972233&origin=inward
Q4_offpolicy_vs_onpolicy,"TITLE-ABS-KEY((""soft actor-critic"" OR SAC OR TD3 OR DDPG OR PPO) AND (""energy management"" OR microgrid OR HEMS)) AND PUBYEAR > 2018 AND LANGUAGE(english) AND (DOCTYPE(ar))",2-s2.0-105014927725,Robust Energy Management Strategy for Fuel Cell Hybrid Electric Vehicles Based on the RPO-DTRN Framework,10.1080/03772063.2025.2521671,IETE Journal of Research,2025-01-01,Article,0,2,Kalpana Devi S.; Vijaya Gowri G.; Thenmalar K.; Umadevi K.,"K.S.Rangasamy College of Technology; Vivekanandha College of Engineering for Women; Knowledge Institute of Technology, Salem; Sengunthar Engineering College",https://www.scopus.com/inward/record.uri?partnerID=HzOxMe3b&scp=105014927725&origin=inward
Q4_offpolicy_vs_onpolicy,"TITLE-ABS-KEY((""soft actor-critic"" OR SAC OR TD3 OR DDPG OR PPO) AND (""energy management"" OR microgrid OR HEMS)) AND PUBYEAR > 2018 AND LANGUAGE(english) AND (DOCTYPE(ar))",2-s2.0-105024588905,Research on intelligent prediction and control algorithm design for embedded systems in nonlinear Internet of Things environment,10.1177/14727978251366550,Journal of Computational Methods in Sciences and Engineering,2025-01-01,Article,0,0,Shi J.,Chongqing Vocational Institute of Safety Technology,https://www.scopus.com/inward/record.uri?partnerID=HzOxMe3b&scp=105024588905&origin=inward
Q4_offpolicy_vs_onpolicy,"TITLE-ABS-KEY((""soft actor-critic"" OR SAC OR TD3 OR DDPG OR PPO) AND (""energy management"" OR microgrid OR HEMS)) AND PUBYEAR > 2018 AND LANGUAGE(english) AND (DOCTYPE(ar))",2-s2.0-85205584105,Type- and task-crossing energy management for fuel cell vehicles with longevity consideration: A heterogeneous deep transfer reinforcement learning framework,10.1016/j.apenergy.2024.124594,Applied Energy,2025-01-01,Article,14,0,Huang R.; He H.; Su Q.; Härtl M.; Jaensch M.,Technische Universität München; Beijing Institute of Technology,https://www.scopus.com/inward/record.uri?partnerID=HzOxMe3b&scp=85205584105&origin=inward
